;Var1;Var2;Var3;Var4;CET_CP_perf;PTS_CP_perf;CET_CP_perf_B2;PTS_CP_perf_B2;CET_QR_perf;PTS_QR_perf;CET_quantile;PTS_quantile;CET_quantile_B2;PTS_quantile_B2;CET_Lr;CET_La;CET_Ls;CET_Lb;CET_Ur;CET_Ua;CET_Us;CET_Ub;PTS_Lr;PTS_La;PTS_Ls;PTS_Lb;PTS_Ur;PTS_Ua;PTS_Us;PTS_Ub
1;20;15;0;0;0.945675793;0.933072577;0.941981747;0.93220339;0.984789222;0.930465015;2.706994893;2.709836242;2.696766046;2.696766046;3.5;50;8.00E-06;100;0.01;3500;2;100;3.5;50;8.00E-06;100;0.01;3500;2;100
49;20;15;0;20;0.998913516;0.991525424;0.998696219;0.991525424;0.969361147;0.922642329;2.706994893;2.709836242;2.696766046;2.696766046;3.5;50;8.00E-06;100;0.01;3500;2;100;3.5;50;8.00E-06;100;0.01;3500;2;100
97;20;15;0;40;0.990873533;0.980443286;0.988917862;0.980008692;0.969361147;0.907214255;2.706994893;2.709836242;2.696766046;2.696766046;3.5;50;8.00E-06;100;0.01;3500;2;100;3.5;50;8.00E-06;100;0.01;3500;2;100
5;20;50;0;0;0.978487614;0.965667101;0.978487614;0.964797914;0.960669274;0.902216428;2.706994893;2.709836242;2.696766046;2.696766046;3.5;50;8.00E-06;100;0.01;3500;2;100;3.5;50;8.00E-06;100;0.01;3500;2;100
53;20;50;0;20;0.996957844;0.991308127;0.996523251;0.99109083;0.907866145;0.903737505;2.706994893;2.709836242;2.696766046;2.696766046;3.5;50;8.00E-06;100;0.01;3500;2;100;3.5;50;8.00E-06;100;0.01;3500;2;100
101;20;50;0;40;0.995654063;0.985658409;0.99521947;0.985658409;0.939156888;0.893741851;2.706994893;2.709836242;2.696766046;2.696766046;3.5;50;8.00E-06;100;0.01;3500;2;100;3.5;50;8.00E-06;100;0.01;3500;2;100
9;20;80;0;0;0.99043894;0.97805302;0.990221643;0.977183833;0.925467188;0.876575402;2.706994893;2.709836242;2.696766046;2.696766046;3.5;50;8.00E-06;100;0.01;3500;2;100;3.5;50;8.00E-06;100;0.01;3500;2;100
57;20;80;0;20;0.999130813;0.994567579;0.999130813;0.994350282;0.91851369;0.898739678;2.706994893;2.709836242;2.696766046;2.696766046;3.5;50;8.00E-06;100;0.01;3500;2;100;3.5;50;8.00E-06;100;0.01;3500;2;100
105;20;80;0;40;0.99587136;0.987614081;0.994784876;0.987179487;0.929378531;0.878531073;2.706994893;2.709836242;2.696766046;2.696766046;3.5;50;8.00E-06;100;0.01;3500;2;100;3.5;50;8.00E-06;100;0.01;3500;2;100
13;20;100;0;0;0.995436767;0.982616254;0.994784876;0.982398957;0.920686658;0.864189483;2.706994893;2.709836242;2.696766046;2.696766046;3.5;50;8.00E-06;100;0.01;3500;2;100;3.5;50;8.00E-06;100;0.01;3500;2;100
61;20;100;0;20;0.996740548;0.991742721;0.996740548;0.991525424;0.891134289;0.875923512;2.706994893;2.709836242;2.696766046;2.696766046;3.5;50;8.00E-06;100;0.01;3500;2;100;3.5;50;8.00E-06;100;0.01;3500;2;100
109;20;100;0;40;0.995436767;0.985875706;0.994132986;0.985441113;0.899391569;0.865927857;2.706994893;2.709836242;2.696766046;2.696766046;3.5;50;8.00E-06;100;0.01;3500;2;100;3.5;50;8.00E-06;100;0.01;3500;2;100
17;20;15;20;0;0.634289439;0.769013472;0.646023468;0.664059105;0.984789222;0.841156019;2.818324289;1.055668462;4.310232127;4.310232127;3.5;50;8.00E-06;100;0.01;3500;2;100;3.5;50;8.00E-06;100;0.01;3500;2;100
65;20;15;20;20;0.905258583;0.947414168;0.911994785;0.905041286;0.969361147;0.896784007;2.818324289;1.055668462;4.310232127;4.310232127;3.5;50;8.00E-06;100;0.01;3500;2;100;3.5;50;8.00E-06;100;0.01;3500;2;100
113;20;15;20;40;0.818991743;0.887874837;0.827900913;0.820512821;0.969361147;0.863754889;2.818324289;1.055668462;4.310232127;4.310232127;3.5;50;8.00E-06;100;0.01;3500;2;100;3.5;50;8.00E-06;100;0.01;3500;2;100
21;20;50;20;0;0.77879183;0.875706215;0.865275967;0.732724902;0.960669274;0.746631899;2.818324289;1.055668462;4.310232127;4.310232127;3.5;50;8.00E-06;100;0.01;3500;2;100;3.5;50;8.00E-06;100;0.01;3500;2;100
69;20;50;20;20;0.925901782;0.949587136;0.930899609;0.908735332;0.907866145;0.858757062;2.818324289;1.055668462;4.310232127;4.310232127;3.5;50;8.00E-06;100;0.01;3500;2;100;3.5;50;8.00E-06;100;0.01;3500;2;100
117;20;50;20;40;0.883094307;0.927640156;0.890265102;0.852455454;0.939156888;0.811169057;2.818324289;1.055668462;4.310232127;4.310232127;3.5;50;8.00E-06;100;0.01;3500;2;100;3.5;50;8.00E-06;100;0.01;3500;2;100
25;20;80;20;0;0.850499783;0.916992612;0.863754889;0.800086919;0.925467188;0.741634072;2.818324289;1.055668462;4.310232127;4.310232127;3.5;50;8.00E-06;100;0.01;3500;2;100;3.5;50;8.00E-06;100;0.01;3500;2;100
73;20;80;20;20;0.938070404;0.966101695;0.946762277;0.928943937;0.91851369;0.858974359;2.818324289;1.055668462;4.310232127;4.310232127;3.5;50;8.00E-06;100;0.01;3500;2;100;3.5;50;8.00E-06;100;0.01;3500;2;100
121;20;80;20;40;0.890265102;0.935897436;0.901781834;0.862668405;0.929378531;0.784876141;2.818324289;1.055668462;4.310232127;4.310232127;3.5;50;8.00E-06;100;0.01;3500;2;100;3.5;50;8.00E-06;100;0.01;3500;2;100
29;20;100;20;0;0.88765754;0.931768796;0.90134724;0.848109518;0.920686658;0.764884833;2.818324289;1.055668462;4.310232127;4.310232127;3.5;50;8.00E-06;100;0.01;3500;2;100;3.5;50;8.00E-06;100;0.01;3500;2;100
77;20;100;20;20;0.927205563;0.955671447;0.938504998;0.916992612;0.891134289;0.837896567;2.818324289;1.055668462;4.310232127;4.310232127;3.5;50;8.00E-06;100;0.01;3500;2;100;3.5;50;8.00E-06;100;0.01;3500;2;100
125;20;100;20;40;0.906127771;0.942199044;0.916992612;0.875271621;0.899391569;0.787483703;2.818324289;1.055668462;4.310232127;4.310232127;3.5;50;8.00E-06;100;0.01;3500;2;100;3.5;50;8.00E-06;100;0.01;3500;2;100
33;20;15;40;0;0.776836158;0.816818774;0.776836158;0.788787484;0.984789222;0.888744024;2.636854601;2.096873349;2.644005559;2.644005559;3.5;50;8.00E-06;100;0.01;3500;2;100;3.5;50;8.00E-06;100;0.01;3500;2;100
81;20;15;40;20;0.94111256;0.966970882;0.943720122;0.958279009;0.969361147;0.920034767;2.636854601;2.096873349;2.644005559;2.644005559;3.5;50;8.00E-06;100;0.01;3500;2;100;3.5;50;8.00E-06;100;0.01;3500;2;100
129;20;15;40;40;0.916992612;0.924380704;0.923076923;0.908952629;0.969361147;0.89591482;2.636854601;2.096873349;2.644005559;2.644005559;3.5;50;8.00E-06;100;0.01;3500;2;100;3.5;50;8.00E-06;100;0.01;3500;2;100
37;20;50;40;0;0.879834854;0.90134724;0.880052151;0.8835289;0.960669274;0.763581052;2.636854601;2.096873349;2.644005559;2.644005559;3.5;50;8.00E-06;100;0.01;3500;2;100;3.5;50;8.00E-06;100;0.01;3500;2;100
85;20;50;40;20;0.95067362;0.967405476;0.958713603;0.958713603;0.907866145;0.873533246;2.636854601;2.096873349;2.644005559;2.644005559;3.5;50;8.00E-06;100;0.01;3500;2;100;3.5;50;8.00E-06;100;0.01;3500;2;100
133;20;50;40;40;0.951325511;0.948717949;0.951325511;0.936549326;0.939156888;0.830508475;2.636854601;2.096873349;2.644005559;2.644005559;3.5;50;8.00E-06;100;0.01;3500;2;100;3.5;50;8.00E-06;100;0.01;3500;2;100
41;20;80;40;0;0.925467188;0.93698392;0.925467188;0.920469361;0.925467188;0.755975663;2.636854601;2.096873349;2.644005559;2.644005559;3.5;50;8.00E-06;100;0.01;3500;2;100;3.5;50;8.00E-06;100;0.01;3500;2;100
89;20;80;40;20;0.951325511;0.978487614;0.951542807;0.972186006;0.91851369;0.868752716;2.636854601;2.096873349;2.644005559;2.644005559;3.5;50;8.00E-06;100;0.01;3500;2;100;3.5;50;8.00E-06;100;0.01;3500;2;100
137;20;80;40;40;0.951325511;0.957192525;0.951325511;0.944372012;0.929378531;0.8013907;2.636854601;2.096873349;2.644005559;2.644005559;3.5;50;8.00E-06;100;0.01;3500;2;100;3.5;50;8.00E-06;100;0.01;3500;2;100
45;20;100;40;0;0.94654498;0.950239027;0.94654498;0.938287701;0.920686658;0.780747501;2.636854601;2.096873349;2.644005559;2.644005559;3.5;50;8.00E-06;100;0.01;3500;2;100;3.5;50;8.00E-06;100;0.01;3500;2;100
93;20;100;40;20;0.938722295;0.971751412;0.938722295;0.962624946;0.891134289;0.849413299;2.636854601;2.096873349;2.644005559;2.644005559;3.5;50;8.00E-06;100;0.01;3500;2;100;3.5;50;8.00E-06;100;0.01;3500;2;100
141;20;100;40;40;0.956323338;0.958279009;0.956323338;0.949152542;0.899391569;0.807257714;2.636854601;2.096873349;2.644005559;2.644005559;3.5;50;8.00E-06;100;0.01;3500;2;100;3.5;50;8.00E-06;100;0.01;3500;2;100
2;80;15;0;0;0.78422425;0.87331595;0.78357236;0.820295524;0.984789222;0.946979574;2.634824338;1.655171162;2.582313969;2.582313969;3.5;50;8.00E-06;100;0.01;3500;2;100;3.5;50;8.00E-06;100;0.01;3500;2;100
50;80;15;0;20;0.974358974;0.98152977;0.974358974;0.970013038;0.969361147;0.932637983;2.634824338;1.655171162;2.582313969;2.582313969;3.5;50;8.00E-06;100;0.01;3500;2;100;3.5;50;8.00E-06;100;0.01;3500;2;100
98;80;15;0;40;0.926553672;0.954584963;0.926336375;0.929378531;0.969361147;0.924598001;2.634824338;1.655171162;2.582313969;2.582313969;3.5;50;8.00E-06;100;0.01;3500;2;100;3.5;50;8.00E-06;100;0.01;3500;2;100
6;80;50;0;0;0.884180791;0.935245545;0.883746197;0.898739678;0.960669274;0.918730987;2.634824338;1.655171162;2.582313969;2.582313969;3.5;50;8.00E-06;100;0.01;3500;2;100;3.5;50;8.00E-06;100;0.01;3500;2;100
54;80;50;0;20;0.972403303;0.983050847;0.972186006;0.969578444;0.907866145;0.915471534;2.634824338;1.655171162;2.582313969;2.582313969;3.5;50;8.00E-06;100;0.01;3500;2;100;3.5;50;8.00E-06;100;0.01;3500;2;100
102;80;50;0;40;0.955019557;0.972403303;0.95480226;0.951325511;0.939156888;0.908300739;2.634824338;1.655171162;2.582313969;2.582313969;3.5;50;8.00E-06;100;0.01;3500;2;100;3.5;50;8.00E-06;100;0.01;3500;2;100
10;80;80;0;0;0.931768796;0.957192525;0.931551499;0.935028249;0.925467188;0.896784007;2.634824338;1.655171162;2.582313969;2.582313969;3.5;50;8.00E-06;100;0.01;3500;2;100;3.5;50;8.00E-06;100;0.01;3500;2;100
58;80;80;0;20;0.983050847;0.987614081;0.983050847;0.978270317;0.91851369;0.911125598;2.634824338;1.655171162;2.582313969;2.582313969;3.5;50;8.00E-06;100;0.01;3500;2;100;3.5;50;8.00E-06;100;0.01;3500;2;100
106;80;80;0;40;0.957192525;0.9726206;0.956757931;0.956757931;0.929378531;0.895262929;2.634824338;1.655171162;2.582313969;2.582313969;3.5;50;8.00E-06;100;0.01;3500;2;100;3.5;50;8.00E-06;100;0.01;3500;2;100
14;80;100;0;0;0.953498479;0.969578444;0.953281182;0.949152542;0.920686658;0.880269448;2.634824338;1.655171162;2.582313969;2.582313969;3.5;50;8.00E-06;100;0.01;3500;2;100;3.5;50;8.00E-06;100;0.01;3500;2;100
62;80;100;0;20;0.975445458;0.98218166;0.975010865;0.972186006;0.891134289;0.886571056;2.634824338;1.655171162;2.582313969;2.582313969;3.5;50;8.00E-06;100;0.01;3500;2;100;3.5;50;8.00E-06;100;0.01;3500;2;100
110;80;100;0;40;0.964797914;0.974358974;0.96371143;0.95958279;0.899391569;0.880269448;2.634824338;1.655171162;2.582313969;2.582313969;3.5;50;8.00E-06;100;0.01;3500;2;100;3.5;50;8.00E-06;100;0.01;3500;2;100
18;80;15;20;0;0.594306823;0.684485007;0.594306823;0.643633203;0.984789222;0.866579748;0.993999027;0.860650861;0.996150655;0.996150655;3.5;50;8.00E-06;100;0.01;3500;2;100;3.5;50;8.00E-06;100;0.01;3500;2;100
66;80;15;20;20;0.880486745;0.916775315;0.880921339;0.877444589;0.969361147;0.913733159;0.993999027;0.860650861;0.996150655;0.996150655;3.5;50;8.00E-06;100;0.01;3500;2;100;3.5;50;8.00E-06;100;0.01;3500;2;100
114;80;15;20;40;0.780747501;0.840721425;0.781182095;0.797044763;0.969361147;0.885484572;0.993999027;0.860650861;0.996150655;0.996150655;3.5;50;8.00E-06;100;0.01;3500;2;100;3.5;50;8.00E-06;100;0.01;3500;2;100
22;80;50;20;0;0.679269883;0.809865276;0.679269883;0.700130378;0.960669274;0.77053455;0.993999027;0.860650861;0.996150655;0.996150655;3.5;50;8.00E-06;100;0.01;3500;2;100;3.5;50;8.00E-06;100;0.01;3500;2;100
70;80;50;20;20;0.894393742;0.926119079;0.895045632;0.876358105;0.907866145;0.876575402;0.993999027;0.860650861;0.996150655;0.996150655;3.5;50;8.00E-06;100;0.01;3500;2;100;3.5;50;8.00E-06;100;0.01;3500;2;100
118;80;50;20;40;0.792916123;0.891134289;0.794871795;0.795089092;0.939156888;0.833116037;0.993999027;0.860650861;0.996150655;0.996150655;3.5;50;8.00E-06;100;0.01;3500;2;100;3.5;50;8.00E-06;100;0.01;3500;2;100
26;80;80;20;0;0.719904389;0.860712734;0.722077358;0.730334637;0.925467188;0.768796176;0.993999027;0.860650861;0.996150655;0.996150655;3.5;50;8.00E-06;100;0.01;3500;2;100;3.5;50;8.00E-06;100;0.01;3500;2;100
74;80;80;20;20;0.904172099;0.944806606;0.905258583;0.899174272;0.91851369;0.875706215;0.993999027;0.860650861;0.996150655;0.996150655;3.5;50;8.00E-06;100;0.01;3500;2;100;3.5;50;8.00E-06;100;0.01;3500;2;100
122;80;80;20;40;0.808126901;0.897870491;0.809647979;0.812255541;0.929378531;0.807692308;0.993999027;0.860650861;0.996150655;0.996150655;3.5;50;8.00E-06;100;0.01;3500;2;100;3.5;50;8.00E-06;100;0.01;3500;2;100
30;80;100;20;0;0.791177749;0.890265102;0.791829639;0.793785311;0.920686658;0.788787484;0.993999027;0.860650861;0.996150655;0.996150655;3.5;50;8.00E-06;100;0.01;3500;2;100;3.5;50;8.00E-06;100;0.01;3500;2;100
78;80;100;20;20;0.88700565;0.926119079;0.887222947;0.887440243;0.891134289;0.853107345;0.993999027;0.860650861;0.996150655;0.996150655;3.5;50;8.00E-06;100;0.01;3500;2;100;3.5;50;8.00E-06;100;0.01;3500;2;100
126;80;100;20;40;0.833985224;0.905910474;0.837896567;0.826814429;0.899391569;0.809647979;0.993999027;0.860650861;0.996150655;0.996150655;3.5;50;8.00E-06;100;0.01;3500;2;100;3.5;50;8.00E-06;100;0.01;3500;2;100
34;80;15;40;0;0.646240765;0.817687962;0.685136897;0.714689266;0.984789222;0.946979574;3.205062537;1.074722485;3.395112857;3.395112857;3.5;50;8.00E-06;100;0.01;3500;2;100;3.5;50;8.00E-06;100;0.01;3500;2;100
82;80;15;40;20;0.911777488;0.965884398;0.913515863;0.927640156;0.969361147;0.932637983;3.205062537;1.074722485;3.395112857;3.395112857;3.5;50;8.00E-06;100;0.01;3500;2;100;3.5;50;8.00E-06;100;0.01;3500;2;100
130;80;15;40;40;0.828118209;0.925467188;0.830291178;0.858322468;0.969361147;0.924815298;3.205062537;1.074722485;3.395112857;3.395112857;3.5;50;8.00E-06;100;0.01;3500;2;100;3.5;50;8.00E-06;100;0.01;3500;2;100
38;80;50;40;0;0.875923512;0.905041286;0.880486745;0.816384181;0.960669274;0.918730987;3.205062537;1.074722485;3.395112857;3.395112857;3.5;50;8.00E-06;100;0.01;3500;2;100;3.5;50;8.00E-06;100;0.01;3500;2;100
86;80;50;40;20;0.929813125;0.966970882;0.930899609;0.933072577;0.907866145;0.916123425;3.205062537;1.074722485;3.395112857;3.395112857;3.5;50;8.00E-06;100;0.01;3500;2;100;3.5;50;8.00E-06;100;0.01;3500;2;100
134;80;50;40;40;0.889178618;0.949587136;0.892003477;0.898522382;0.939156888;0.908518036;3.205062537;1.074722485;3.395112857;3.395112857;3.5;50;8.00E-06;100;0.01;3500;2;100;3.5;50;8.00E-06;100;0.01;3500;2;100
42;80;80;40;0;0.86027814;0.937201217;0.919600174;0.867448935;0.925467188;0.897001304;3.205062537;1.074722485;3.395112857;3.395112857;3.5;50;8.00E-06;100;0.01;3500;2;100;3.5;50;8.00E-06;100;0.01;3500;2;100
90;80;80;40;20;0.94654498;0.978704911;0.948717949;0.952194698;0.91851369;0.911125598;3.205062537;1.074722485;3.395112857;3.395112857;3.5;50;8.00E-06;100;0.01;3500;2;100;3.5;50;8.00E-06;100;0.01;3500;2;100
138;80;80;40;40;0.900260756;0.957844415;0.902216428;0.903085615;0.929378531;0.895262929;3.205062537;1.074722485;3.395112857;3.395112857;3.5;50;8.00E-06;100;0.01;3500;2;100;3.5;50;8.00E-06;100;0.01;3500;2;100
46;80;100;40;0;0.897435897;0.952194698;0.899826163;0.896349413;0.920686658;0.880269448;3.205062537;1.074722485;3.395112857;3.395112857;3.5;50;8.00E-06;100;0.01;3500;2;100;3.5;50;8.00E-06;100;0.01;3500;2;100
94;80;100;40;20;0.935680139;0.970664928;0.937201217;0.936549326;0.891134289;0.886571056;3.205062537;1.074722485;3.395112857;3.395112857;3.5;50;8.00E-06;100;0.01;3500;2;100;3.5;50;8.00E-06;100;0.01;3500;2;100
142;80;100;40;40;0.913081269;0.959148196;0.915471534;0.911777488;0.899391569;0.880486745;3.205062537;1.074722485;3.395112857;3.395112857;3.5;50;8.00E-06;100;0.01;3500;2;100;3.5;50;8.00E-06;100;0.01;3500;2;100
3;120;15;0;0;0.641677532;0.817253368;0.641677532;0.756410256;0.981747066;0.952411995;2.19596649;1.240157948;2.196062226;2.196062226;3.2;50;8.00E-06;100;0.01;3500;2;100;3.2;50;8.00E-06;100;0.01;3500;2;100
51;120;15;0;20;0.909821817;0.968274663;0.909821817;0.946979574;0.956323338;0.941329857;2.19596649;1.240157948;2.196062226;2.196062226;3.2;50;8.00E-06;100;0.01;3500;2;100;3.2;50;8.00E-06;100;0.01;3500;2;100
99;120;15;0;40;0.825293351;0.924815298;0.825293351;0.884180791;0.957192525;0.930465015;2.19596649;1.240157948;2.196062226;2.196062226;3.2;50;8.00E-06;100;0.01;3500;2;100;3.2;50;8.00E-06;100;0.01;3500;2;100
7;120;50;0;0;0.868970013;0.899826163;0.868970013;0.851151673;0.960669274;0.925249891;2.19596649;1.240157948;2.196062226;2.196062226;3.2;50;8.00E-06;100;0.01;3500;2;100;3.2;50;8.00E-06;100;0.01;3500;2;100
55;120;50;0;20;0.927640156;0.968057366;0.927640156;0.946110387;0.907866145;0.920686658;2.19596649;1.240157948;2.196062226;2.196062226;3.2;50;8.00E-06;100;0.01;3500;2;100;3.2;50;8.00E-06;100;0.01;3500;2;100
103;120;50;0;40;0.885049978;0.947848761;0.885049978;0.921121252;0.937853107;0.916340721;2.19596649;1.240157948;2.196062226;2.196062226;3.2;50;8.00E-06;100;0.01;3500;2;100;3.2;50;8.00E-06;100;0.01;3500;2;100
11;120;80;0;0;0.853759235;0.93633203;0.853759235;0.897001304;0.918730987;0.903520209;2.19596649;1.240157948;2.196062226;2.196062226;3.2;50;8.00E-06;100;0.01;3500;2;100;3.2;50;8.00E-06;100;0.01;3500;2;100
59;120;80;0;20;0.942850934;0.977835724;0.942850934;0.964580617;0.913298566;0.916992612;2.19596649;1.240157948;2.196062226;2.196062226;3.2;50;8.00E-06;100;0.01;3500;2;100;3.2;50;8.00E-06;100;0.01;3500;2;100
107;120;80;0;40;0.893741851;0.956540635;0.893741851;0.926988266;0.904389396;0.901129944;2.19596649;1.240157948;2.196062226;2.196062226;3.2;50;8.00E-06;100;0.01;3500;2;100;3.2;50;8.00E-06;100;0.01;3500;2;100
15;120;100;0;0;0.889178618;0.949152542;0.889395915;0.922425033;0.920034767;0.886353759;2.19596649;1.240157948;2.196062226;2.196062226;3.2;50;8.00E-06;100;0.01;3500;2;100;3.2;50;8.00E-06;100;0.01;3500;2;100
63;120;100;0;20;0.930682312;0.971534116;0.930682312;0.952846588;0.886353759;0.89178618;2.19596649;1.240157948;2.196062226;2.196062226;3.2;50;8.00E-06;100;0.01;3500;2;100;3.2;50;8.00E-06;100;0.01;3500;2;100
111;120;100;0;40;0.908518036;0.958713603;0.908518036;0.933941764;0.897435897;0.887222947;2.19596649;1.240157948;2.196062226;2.196062226;3.2;50;8.00E-06;100;0.01;3500;2;100;3.2;50;8.00E-06;100;0.01;3500;2;100
19;120;15;20;0;0.592568449;0.64450239;0.591264668;0.643198609;0.984789222;0.625814863;0.923965135;0.913355347;0.914278674;0.914278674;3.5;50;8.00E-06;100;0.01;3500;2;100;3.5;50;8.00E-06;100;0.01;3500;2;100
67;120;15;20;20;0.872446762;0.88222512;0.870273794;0.877444589;0.969361147;0.872881356;0.923965135;0.913355347;0.914278674;0.914278674;3.5;50;8.00E-06;100;0.01;3500;2;100;3.5;50;8.00E-06;100;0.01;3500;2;100
115;120;15;20;40;0.777705346;0.799000435;0.77531508;0.796610169;0.969361147;0.785528031;0.923965135;0.913355347;0.914278674;0.914278674;3.5;50;8.00E-06;100;0.01;3500;2;100;3.5;50;8.00E-06;100;0.01;3500;2;100
23;120;50;20;0;0.676227727;0.703389831;0.673837462;0.699695784;0.960669274;0.706214689;0.923965135;0.913355347;0.914278674;0.914278674;3.5;50;8.00E-06;100;0.01;3500;2;100;3.5;50;8.00E-06;100;0.01;3500;2;100
71;120;50;20;20;0.878531073;0.881573229;0.872446762;0.876140808;0.907866145;0.876358105;0.923965135;0.913355347;0.914278674;0.914278674;3.5;50;8.00E-06;100;0.01;3500;2;100;3.5;50;8.00E-06;100;0.01;3500;2;100
119;120;50;20;40;0.781833985;0.802694481;0.776618861;0.795740982;0.939156888;0.822468492;0.923965135;0.913355347;0.914278674;0.914278674;3.5;50;8.00E-06;100;0.01;3500;2;100;3.5;50;8.00E-06;100;0.01;3500;2;100
27;120;80;20;0;0.711212516;0.737940026;0.705345502;0.730334637;0.925467188;0.757496741;0.923965135;0.913355347;0.914278674;0.914278674;3.5;50;8.00E-06;100;0.01;3500;2;100;3.5;50;8.00E-06;100;0.01;3500;2;100
75;120;80;20;20;0.897653194;0.905910474;0.893089961;0.899826163;0.91851369;0.881138635;0.923965135;0.913355347;0.914278674;0.914278674;3.5;50;8.00E-06;100;0.01;3500;2;100;3.5;50;8.00E-06;100;0.01;3500;2;100
123;120;80;20;40;0.791612342;0.821382008;0.77466319;0.811603651;0.929378531;0.807909605;0.923965135;0.913355347;0.914278674;0.914278674;3.5;50;8.00E-06;100;0.01;3500;2;100;3.5;50;8.00E-06;100;0.01;3500;2;100
31;120;100;20;0;0.766840504;0.801825293;0.75271621;0.793785311;0.920686658;0.787483703;0.923965135;0.913355347;0.914278674;0.914278674;3.5;50;8.00E-06;100;0.01;3500;2;100;3.5;50;8.00E-06;100;0.01;3500;2;100
79;120;100;20;20;0.880704042;0.89243807;0.877009996;0.88765754;0.891134289;0.855280313;0.923965135;0.913355347;0.914278674;0.914278674;3.5;50;8.00E-06;100;0.01;3500;2;100;3.5;50;8.00E-06;100;0.01;3500;2;100
127;120;100;20;40;0.814428509;0.835940895;0.802259887;0.826162538;0.899391569;0.811603651;0.923965135;0.913355347;0.914278674;0.914278674;3.5;50;8.00E-06;100;0.01;3500;2;100;3.5;50;8.00E-06;100;0.01;3500;2;100
35;120;15;40;0;0.631681877;0.770751847;0.631899174;0.697088223;0.984789222;0.952411995;2.200998832;1.060820586;2.217856673;2.217856673;3.5;50;8.00E-06;100;0.01;3500;2;100;3.5;50;8.00E-06;100;0.01;3500;2;100
83;120;15;40;20;0.90482399;0.949804433;0.90482399;0.920469361;0.969361147;0.941329857;2.200998832;1.060820586;2.217856673;2.217856673;3.5;50;8.00E-06;100;0.01;3500;2;100;3.5;50;8.00E-06;100;0.01;3500;2;100
131;120;15;40;40;0.817687962;0.89243807;0.818122555;0.845284659;0.969361147;0.930465015;2.200998832;1.060820586;2.217856673;2.217856673;3.5;50;8.00E-06;100;0.01;3500;2;100;3.5;50;8.00E-06;100;0.01;3500;2;100
39;120;50;40;0;0.776836158;0.874185137;0.776836158;0.789439374;0.960669274;0.925249891;2.200998832;1.060820586;2.217856673;2.217856673;3.5;50;8.00E-06;100;0.01;3500;2;100;3.5;50;8.00E-06;100;0.01;3500;2;100
87;120;50;40;20;0.924380704;0.951542807;0.924380704;0.924380704;0.907866145;0.920686658;2.200998832;1.060820586;2.217856673;2.217856673;3.5;50;8.00E-06;100;0.01;3500;2;100;3.5;50;8.00E-06;100;0.01;3500;2;100
135;120;50;40;40;0.880704042;0.928943937;0.880921339;0.88765754;0.939156888;0.916340721;2.200998832;1.060820586;2.217856673;2.217856673;3.5;50;8.00E-06;100;0.01;3500;2;100;3.5;50;8.00E-06;100;0.01;3500;2;100
43;120;80;40;0;0.846805737;0.915254237;0.847023033;0.849196002;0.925467188;0.903520209;2.200998832;1.060820586;2.217856673;2.217856673;3.5;50;8.00E-06;100;0.01;3500;2;100;3.5;50;8.00E-06;100;0.01;3500;2;100
91;120;80;40;20;0.937201217;0.967622773;0.937201217;0.945023903;0.91851369;0.916992612;2.200998832;1.060820586;2.217856673;2.217856673;3.5;50;8.00E-06;100;0.01;3500;2;100;3.5;50;8.00E-06;100;0.01;3500;2;100
139;120;80;40;40;0.886571056;0.938722295;0.886571056;0.892220774;0.929378531;0.901129944;2.200998832;1.060820586;2.217856673;2.217856673;3.5;50;8.00E-06;100;0.01;3500;2;100;3.5;50;8.00E-06;100;0.01;3500;2;100
47;120;100;40;0;0.883963494;0.932637983;0.883963494;0.881355932;0.920686658;0.886353759;2.200998832;1.060820586;2.217856673;2.217856673;3.5;50;8.00E-06;100;0.01;3500;2;100;3.5;50;8.00E-06;100;0.01;3500;2;100
95;120;100;40;20;0.925467188;0.957409822;0.925467188;0.930465015;0.891134289;0.89178618;2.200998832;1.060820586;2.217856673;2.217856673;3.5;50;8.00E-06;100;0.01;3500;2;100;3.5;50;8.00E-06;100;0.01;3500;2;100
143;120;100;40;40;0.902651021;0.943285528;0.903085615;0.900043459;0.899391569;0.887222947;2.200998832;1.060820586;2.217856673;2.217856673;3.5;50;8.00E-06;100;0.01;3500;2;100;3.5;50;8.00E-06;100;0.01;3500;2;100
4;180;15;0;0;0.592568449;0.665362886;0.593003042;0.63972186;0.984789222;0.574098218;0.960618258;0.888579693;0.962956135;0.962956135;3.5;50;8.00E-06;100;0.01;3500;2;100;3.5;50;8.00E-06;100;0.01;3500;2;100
52;180;15;0;20;0.875271621;0.907214255;0.877009996;0.87396784;0.969361147;0.859626249;0.960618258;0.888579693;0.962956135;0.962956135;3.5;50;8.00E-06;100;0.01;3500;2;100;3.5;50;8.00E-06;100;0.01;3500;2;100
100;180;15;0;40;0.777922642;0.828987397;0.778357236;0.795089092;0.969361147;0.758365928;0.960618258;0.888579693;0.962956135;0.962956135;3.5;50;8.00E-06;100;0.01;3500;2;100;3.5;50;8.00E-06;100;0.01;3500;2;100
8;180;50;0;0;0.676879618;0.758583225;0.677531508;0.698174707;0.960669274;0.654498044;0.960618258;0.888579693;0.962956135;0.962956135;3.5;50;8.00E-06;100;0.01;3500;2;100;3.5;50;8.00E-06;100;0.01;3500;2;100
56;180;50;0;20;0.880921339;0.915906128;0.889395915;0.872664059;0.907866145;0.863320296;0.960618258;0.888579693;0.962956135;0.962956135;3.5;50;8.00E-06;100;0.01;3500;2;100;3.5;50;8.00E-06;100;0.01;3500;2;100
104;180;50;0;40;0.785093438;0.870056497;0.786831812;0.79248153;0.939156888;0.795089092;0.960618258;0.888579693;0.962956135;0.962956135;3.5;50;8.00E-06;100;0.01;3500;2;100;3.5;50;8.00E-06;100;0.01;3500;2;100
12;180;80;0;0;0.712950891;0.829639287;0.714689266;0.729682747;0.925467188;0.71577575;0.960618258;0.888579693;0.962956135;0.962956135;3.5;50;8.00E-06;100;0.01;3500;2;100;3.5;50;8.00E-06;100;0.01;3500;2;100
60;180;80;0;20;0.899608866;0.935028249;0.901129944;0.896784007;0.91851369;0.868535419;0.960618258;0.888579693;0.962956135;0.962956135;3.5;50;8.00E-06;100;0.01;3500;2;100;3.5;50;8.00E-06;100;0.01;3500;2;100
108;180;80;0;40;0.800086919;0.87809648;0.804215558;0.804432855;0.929378531;0.780530204;0.960618258;0.888579693;0.962956135;0.962956135;3.5;50;8.00E-06;100;0.01;3500;2;100;3.5;50;8.00E-06;100;0.01;3500;2;100
16;180;100;0;0;0.773576706;0.865927857;0.780095611;0.787483703;0.920686658;0.755975663;0.960618258;0.888579693;0.962956135;0.962956135;3.5;50;8.00E-06;100;0.01;3500;2;100;3.5;50;8.00E-06;100;0.01;3500;2;100
64;180;100;0;20;0.882659713;0.918948283;0.883963494;0.885919166;0.891134289;0.841590613;0.960618258;0.888579693;0.962956135;0.962956135;3.5;50;8.00E-06;100;0.01;3500;2;100;3.5;50;8.00E-06;100;0.01;3500;2;100
112;180;100;0;40;0.818122555;0.885049978;0.820947414;0.821816601;0.899391569;0.785528031;0.960618258;0.888579693;0.962956135;0.962956135;3.5;50;8.00E-06;100;0.01;3500;2;100;3.5;50;8.00E-06;100;0.01;3500;2;100
20;180;15;20;0;0.586484137;0.647544546;0.586701434;0.632551065;0.984789222;0.56714472;0.917452854;0.876406895;0.918843497;0.918843497;3.5;50;8.00E-06;100;0.01;3500;2;100;3.5;50;8.00E-06;100;0.01;3500;2;100
68;180;15;20;20;0.864189483;0.89178618;0.864841373;0.866145154;0.969361147;0.859191656;0.917452854;0.876406895;0.918843497;0.918843497;3.5;50;8.00E-06;100;0.01;3500;2;100;3.5;50;8.00E-06;100;0.01;3500;2;100
116;180;15;20;40;0.772055628;0.804867449;0.772272925;0.787918296;0.969361147;0.75619296;0.917452854;0.876406895;0.918843497;0.918843497;3.5;50;8.00E-06;100;0.01;3500;2;100;3.5;50;8.00E-06;100;0.01;3500;2;100
24;180;50;20;0;0.667535854;0.717079531;0.667970448;0.68970013;0.960669274;0.651890482;0.917452854;0.876406895;0.918843497;0.918843497;3.5;50;8.00E-06;100;0.01;3500;2;100;3.5;50;8.00E-06;100;0.01;3500;2;100
72;180;50;20;20;0.847023033;0.897435897;0.849413299;0.849630595;0.907866145;0.863102999;0.917452854;0.876406895;0.918843497;0.918843497;3.5;50;8.00E-06;100;0.01;3500;2;100;3.5;50;8.00E-06;100;0.01;3500;2;100
120;180;50;20;40;0.765536723;0.827249022;0.765971317;0.777922642;0.939156888;0.793785311;0.917452854;0.876406895;0.918843497;0.918843497;3.5;50;8.00E-06;100;0.01;3500;2;100;3.5;50;8.00E-06;100;0.01;3500;2;100
28;180;80;20;0;0.693611473;0.769230769;0.694480661;0.715558453;0.925467188;0.715123859;0.917452854;0.876406895;0.918843497;0.918843497;3.5;50;8.00E-06;100;0.01;3500;2;100;3.5;50;8.00E-06;100;0.01;3500;2;100
76;180;80;20;20;0.875271621;0.914167753;0.876575402;0.875706215;0.91851369;0.868535419;0.917452854;0.876406895;0.918843497;0.918843497;3.5;50;8.00E-06;100;0.01;3500;2;100;3.5;50;8.00E-06;100;0.01;3500;2;100
124;180;80;20;40;0.747501086;0.841373316;0.749891352;0.772707518;0.929378531;0.780095611;0.917452854;0.876406895;0.918843497;0.918843497;3.5;50;8.00E-06;100;0.01;3500;2;100;3.5;50;8.00E-06;100;0.01;3500;2;100
32;180;100;20;0;0.728161669;0.828335506;0.729900043;0.751847023;0.920686658;0.754889179;0.917452854;0.876406895;0.918843497;0.918843497;3.5;50;8.00E-06;100;0.01;3500;2;100;3.5;50;8.00E-06;100;0.01;3500;2;100
80;180;100;20;20;0.861147327;0.900912647;0.864189483;0.870056497;0.891134289;0.840938722;0.917452854;0.876406895;0.918843497;0.918843497;3.5;50;8.00E-06;100;0.01;3500;2;100;3.5;50;8.00E-06;100;0.01;3500;2;100
128;180;100;20;40;0.765536723;0.853759235;0.767926988;0.79726206;0.899391569;0.785093438;0.917452854;0.876406895;0.918843497;0.918843497;3.5;50;8.00E-06;100;0.01;3500;2;100;3.5;50;8.00E-06;100;0.01;3500;2;100
36;180;15;40;0;0;0;0;0;0;0;0;0;0;0;0;0;0;0;0;0;0;0;0;0;0;0;0;0;0;0
84;180;15;40;20;0;0;0;0;0;0;0;0;0;0;0;0;0;0;0;0;0;0;0;0;0;0;0;0;0;0
132;180;15;40;40;0;0;0;0;0;0;0;0;0;0;0;0;0;0;0;0;0;0;0;0;0;0;0;0;0;0
40;180;50;40;0;0;0;0;0;0;0;0;0;0;0;0;0;0;0;0;0;0;0;0;0;0;0;0;0;0;0
88;180;50;40;20;0;0;0;0;0;0;0;0;0;0;0;0;0;0;0;0;0;0;0;0;0;0;0;0;0;0
136;180;50;40;40;0;0;0;0;0;0;0;0;0;0;0;0;0;0;0;0;0;0;0;0;0;0;0;0;0;0
44;180;80;40;0;0;0;0;0;0;0;0;0;0;0;0;0;0;0;0;0;0;0;0;0;0;0;0;0;0;0
92;180;80;40;20;0;0;0;0;0;0;0;0;0;0;0;0;0;0;0;0;0;0;0;0;0;0;0;0;0;0
140;180;80;40;40;0;0;0;0;0;0;0;0;0;0;0;0;0;0;0;0;0;0;0;0;0;0;0;0;0;0
48;180;100;40;0;0;0;0;0;0;0;0;0;0;0;0;0;0;0;0;0;0;0;0;0;0;0;0;0;0;0
96;180;100;40;20;0;0;0;0;0;0;0;0;0;0;0;0;0;0;0;0;0;0;0;0;0;0;0;0;0;0
144;180;100;40;40;0;0;0;0;0;0;0;0;0;0;0;0;0;0;0;0;0;0;0;0;0;0;0;0;0;0
