Id;Date;Price
1;03.01.2005;230.3
10;03.01.2005;84.39
10;25.02.2005;131.07
10;05.04.2005;86.43
100;03.01.2005;11.49
100;15.01.2005;246.51
100;11.02.2005;48.6
100;14.02.2005;61.11
100;15.02.2005;18.75
100;19.02.2005;15.49
100;20.02.2005;21.49
100;13.03.2005;11.77
100;27.03.2005;19.99
100;06.04.2005;50.67
100;17.05.2005;43.5
100;26.05.2005;29.77
100;28.05.2005;27.13
100;09.06.2005;102.36
100;13.06.2005;43.3
100;29.06.2005;33.51
100;11.07.2005;4.79
100;28.07.2005;15.96
100;10.09.2005;14.99
100;24.10.2005;39.25
100;01.11.2005;46.88
100;03.11.2005;11.77
100;07.11.2005;13.49
100;18.11.2005;9.99
100;26.11.2005;12.77
100;05.12.2005;6.79
100;13.12.2005;13.97
100;02.01.2006;41.31
100;15.01.2006;28.49
100;05.02.2006;20.35
100;06.02.2006;93.97
100;15.02.2006;11.77
100;20.02.2006;27.33
100;20.02.2006;22.99
100;28.02.2006;43.3
100;03.03.2006;12.99
100;05.03.2006;11.58
100;10.04.2006;24.48
100;06.06.2006;120.43
100;06.06.2006;38.47
100;29.06.2006;7.98
100;03.07.2006;14.96
100;05.07.2006;42.48
100;11.07.2006;19.74
1000;03.01.2005;16.99
1000;27.01.2005;58.46
1000;03.02.2005;13.99
1000;05.02.2005;79.21
1000;18.02.2005;45.47
1000;25.02.2005;14.37
1000;26.02.2005;38.86
1000;12.03.2005;48.94
1000;14.03.2005;14.37
1000;13.04.2005;26.94
1000;01.05.2005;10.77
1000;16.06.2005;43.34
1000;23.06.2005;88.18
1000;26.06.2005;79.2
1000;15.09.2005;64.74
1000;20.09.2005;15.76
1000;07.10.2005;34.74
1000;16.10.2005;64.45
1000;17.10.2005;9.77
1000;23.10.2005;65.97
1000;24.10.2005;53.29
1000;03.11.2005;32.47
1000;05.11.2005;27.98
1000;12.11.2005;13.77
1000;30.11.2005;28.7
1000;12.12.2005;33.72
1000;22.12.2005;12.99
1000;01.02.2006;57.5
1000;07.02.2006;118.23
1000;13.02.2006;121.15
1000;16.03.2006;74.73
1000;21.03.2006;51.67
1000;24.03.2006;37.71
1000;28.03.2006;71.63
1000;03.04.2006;92.81
1000;11.04.2006;9.58
1000;25.04.2006;41.47
1000;07.06.2006;9.49
1000;26.06.2006;11.77
1000;15.07.2006;29.06
1001;03.01.2005;35.48
1001;14.02.2005;40.98
1001;14.03.2005;53.46
1001;03.04.2005;19.95
1001;09.04.2005;43.13
1001;20.04.2005;15.38
1001;01.05.2005;35.93
1001;09.05.2005;62.58
1001;03.07.2005;132.67
1001;22.10.2005;43.89
1001;01.11.2005;59.54
1001;10.11.2005;14.79
1001;05.12.2005;15.36
1001;15.12.2005;42.71
1001;16.12.2005;30.36
1001;03.04.2006;43.47
1001;05.05.2006;17.7
1001;11.05.2006;12.77
1001;14.05.2006;12.99
1001;03.06.2006;70.42
1002;03.01.2005;12.25
1002;05.02.2005;24.98
1002;18.04.2005;43.09
1002;27.04.2005;21.49
1003;03.01.2005;29.33
1003;15.02.2005;29.73
1003;01.05.2005;12.97
1004;03.01.2005;31.05
1004;19.02.2005;43.69
1004;03.03.2005;31.35
1005;03.01.2005;9.98
1005;19.01.2005;14.37
1005;18.09.2005;35.47
1005;20.11.2005;47.46
1005;28.11.2005;29.33
1006;03.01.2005;90.96
1006;02.04.2005;9.97
1006;03.04.2005;21.49
1006;02.05.2005;13.99
1007;03.01.2005;95.2
1007;08.01.2006;12.49
1007;10.07.2006;11.77
1008;03.01.2005;29.66
1008;20.05.2005;20.75
1008;22.06.2005;53.98
1008;23.09.2005;13.99
1008;01.04.2006;55.1
1009;03.01.2005;15.36
1009;19.01.2005;52.98
101;03.01.2005;14.99
101;31.03.2005;38.77
101;19.05.2005;23.49
101;30.05.2005;40.53
101;19.06.2005;25.48
1010;03.01.2005;66.96
1010;03.09.2005;55.27
1010;12.10.2005;73.62
1010;01.01.2006;17.3
1010;10.01.2006;26.14
1010;11.02.2006;14.96
1010;19.02.2006;39.47
1010;29.03.2006;139.7
1010;02.07.2006;105.76
1011;03.01.2005;11.77
1011;02.02.2005;15.99
1011;19.02.2005;11.77
1011;11.04.2005;77.21
1011;11.04.2005;24.97
1011;11.05.2005;10.49
1011;15.05.2005;29.92
1011;20.07.2005;35.99
1011;02.08.2005;6.78
1011;24.08.2005;152.89
1011;05.09.2005;39.91
1011;15.12.2005;26.99
1011;12.01.2006;15.36
1011;24.01.2006;12.97
1012;03.01.2005;70.07
1012;11.01.2005;59.96
1012;28.01.2005;27.98
1012;26.04.2005;28.49
1012;05.05.2005;11.77
1012;24.06.2005;53.96
1012;06.09.2005;26.13
1012;17.11.2005;11.77
1012;05.02.2006;25.97
1012;16.06.2006;52.71
1013;03.01.2005;36.28
1013;11.01.2005;47.41
1013;20.01.2005;4.79
1013;05.04.2005;17.9
1013;14.05.2005;20.54
1013;30.05.2005;125.69
1013;31.08.2005;12.77
1013;21.09.2005;21.76
1013;25.09.2005;15.36
1013;08.11.2005;9.49
1013;17.11.2005;57.51
1013;27.11.2005;13.97
1013;05.01.2006;29.92
1013;08.01.2006;13.99
1013;09.01.2006;13.76
1013;09.03.2006;38.5
1013;14.03.2006;67.57
1013;01.04.2006;149.92
1013;03.04.2006;11.77
1013;18.04.2006;35.95
1013;09.05.2006;34.71
1013;10.05.2006;72.99
1013;10.05.2006;27.14
1013;15.05.2006;14.96
1013;15.06.2006;14.96
1013;26.06.2006;24.48
1014;03.01.2005;13.77
1014;11.01.2005;16.36
1014;14.01.2005;24.9
1014;05.02.2005;14.96
1014;07.02.2005;53.45
1014;04.03.2005;25.48
1014;27.04.2005;38.99
1014;16.05.2005;21.49
1014;19.05.2005;19.98
1014;23.06.2005;0
1014;07.07.2005;176.86
1014;24.08.2005;10.77
1014;13.10.2005;12.49
1014;02.11.2005;41.11
1014;03.11.2005;66.47
1014;07.11.2005;25.77
1014;24.11.2005;9.98
1014;01.12.2005;12.99
1014;05.12.2005;24.47
1014;24.12.2005;16.48
1014;31.12.2005;37.99
1014;11.01.2006;38.97
1014;25.02.2006;25.74
1014;06.03.2006;92.79
1014;31.03.2006;25.98
1014;01.04.2006;25.74
1014;20.04.2006;60.49
1014;14.05.2006;79.44
1014;06.07.2006;27.47
1014;06.07.2006;47.97
1014;15.07.2006;25.3
1014;16.07.2006;12.58
1015;03.01.2005;51.97
1016;03.01.2005;53.96
1016;05.07.2005;2.99
1016;15.09.2005;13.97
1016;04.11.2005;13.97
1017;03.01.2005;14.96
1017;28.01.2005;8.97
1017;09.02.2005;11.77
1017;14.02.2005;316.76
1017;25.04.2005;28.74
1017;09.05.2005;59.96
1017;04.06.2005;23.76
1017;04.07.2005;15.96
1017;19.07.2005;46.04
1017;31.07.2005;55.08
1017;03.10.2005;68.89
1017;08.11.2005;30.33
1017;08.12.2005;11.77
1017;01.01.2006;12.99
1017;21.01.2006;24.73
1017;27.01.2006;13.97
1017;19.03.2006;30.92
1017;14.04.2006;83.2
1017;07.05.2006;99.93
1017;15.05.2006;46.46
1017;30.06.2006;78.47
1017;10.07.2006;70.33
1018;03.01.2005;20.76
1019;03.01.2005;29.33
102;03.01.2005;64.42
102;08.01.2005;50.96
102;30.01.2005;17.75
102;11.02.2005;19.3
102;14.02.2005;20.74
102;17.02.2005;75.44
102;16.03.2005;27.94
102;06.07.2005;35.51
102;08.09.2005;22.49
102;19.09.2005;81.94
102;02.10.2005;20.3
102;08.11.2005;10.98
102;21.11.2005;14.96
102;23.11.2005;26.14
102;23.11.2005;15.9
102;30.12.2005;21.77
102;12.01.2006;11.77
102;18.02.2006;29.92
102;08.03.2006;10.49
102;18.05.2006;9.97
102;09.06.2006;44.32
102;13.06.2006;6.79
102;19.06.2006;27.47
1020;03.01.2005;15.36
1020;31.03.2005;11.77
1020;28.08.2005;34.14
1020;22.09.2005;19.99
1020;02.10.2005;14.99
1020;10.10.2005;48.31
1020;02.11.2005;28.93
1020;02.12.2005;11.49
1021;03.01.2005;36.86
1022;03.01.2005;15.49
1023;03.01.2005;9.98
1023;06.01.2005;26.98
1023;17.01.2005;56.97
1023;21.01.2005;28.98
1023;26.01.2005;28.97
1023;01.02.2005;58.45
1023;10.02.2005;9.99
1023;15.02.2005;68.85
1023;28.02.2005;25.48
1023;27.03.2005;12.77
1023;29.03.2005;11.77
1023;16.04.2005;14.96
1023;17.04.2005;9.99
1023;23.04.2005;10.77
1023;11.05.2005;14.79
1023;13.05.2005;23.54
1023;23.06.2005;62.96
1023;27.06.2005;182.02
1023;29.06.2005;14.96
1023;02.07.2005;23.73
1023;07.07.2005;11.77
1023;01.08.2005;8.97
1023;24.08.2005;14.99
1023;12.09.2005;57.69
1023;14.09.2005;95.94
1023;24.09.2005;53.54
1023;31.10.2005;23.74
1023;04.11.2005;12.99
1023;08.11.2005;29.98
1023;21.11.2005;44.47
1023;23.11.2005;72.85
1023;06.12.2005;12.49
1023;16.12.2005;11.77
1023;29.12.2005;6.79
1023;09.01.2006;12.77
1023;12.01.2006;9.77
1023;02.02.2006;44.88
1023;04.02.2006;2.99
1023;06.03.2006;47.97
1023;06.03.2006;14.49
1023;11.03.2006;27.94
1023;15.03.2006;24.49
1023;25.03.2006;28.74
1023;26.03.2006;24.99
1023;27.03.2006;50.28
1023;08.04.2006;26.73
1023;22.04.2006;18.64
1023;25.04.2006;54.27
1023;29.04.2006;33.7
1023;29.04.2006;42.36
1023;04.05.2006;21.74
1023;09.06.2006;51.35
1023;28.06.2006;37.9
1023;04.07.2006;23.98
1023;12.07.2006;14.99
1023;14.07.2006;121.05
1024;03.01.2005;11.77
1024;26.01.2005;162.04
1024;13.02.2005;30.72
1024;03.04.2005;58.28
1024;16.05.2005;89.47
1024;20.06.2005;26.98
1024;22.06.2005;11.77
1024;26.06.2005;255.35
1024;16.07.2005;12.99
1024;17.07.2005;50.97
1024;21.07.2005;50.74
1024;21.07.2005;38.97
1024;22.07.2005;5.78
1024;10.08.2005;65.99
1024;23.08.2005;58.06
1024;28.08.2005;6.77
1024;09.09.2005;19.56
1024;24.09.2005;53.96
1024;27.09.2005;22.97
1024;19.10.2005;9.49
1024;27.10.2005;23.76
1025;03.01.2005;37.51
1025;08.01.2005;39.51
1025;20.02.2005;16
1025;31.08.2005;16.7
1025;22.09.2005;17.76
1025;13.10.2005;29.92
1025;28.11.2005;34
1025;30.03.2006;23.99
1026;03.01.2005;29.92
1026;20.02.2005;89.2
1026;28.02.2005;39.97
1026;01.05.2005;27.13
1026;15.05.2005;22.96
1026;28.08.2005;11.77
1026;07.09.2005;25.49
1026;18.09.2005;493.91
1026;25.09.2005;24.74
1026;01.10.2005;13.97
1026;16.10.2005;46.08
1026;25.11.2005;15.36
1026;30.11.2005;11.77
1026;06.12.2005;57.46
1026;07.12.2005;1554.58
1026;15.12.2005;37.98
1026;18.12.2005;12.99
1026;19.12.2005;140.93
1026;20.12.2005;170.9
1026;08.02.2006;35.97
1026;07.03.2006;11.49
1026;21.04.2006;27.98
1026;28.06.2006;13.97
1026;01.07.2006;34.95
1026;02.07.2006;62.85
1027;03.01.2005;15.36
1027;02.02.2005;86.79
1028;03.01.2005;111.49
1028;29.03.2005;85.01
1029;03.01.2005;16.49
103;03.01.2005;14.99
103;18.05.2005;106.1
103;31.03.2006;14.49
1030;03.01.2005;23.54
1030;13.11.2005;22.97
1030;16.06.2006;27.94
1031;03.01.2005;23.94
1032;03.01.2005;11.97
1033;03.01.2005;61.05
1034;03.01.2005;44.97
1035;03.01.2005;16.77
1035;10.06.2005;32.37
1035;19.06.2005;31.97
1036;03.01.2005;14.49
1036;07.01.2005;26.94
1036;09.02.2005;43.97
1036;03.03.2005;30.73
1036;28.03.2005;15.49
1036;17.04.2005;70.62
1036;10.05.2005;11.77
1036;23.05.2005;13.97
1037;03.01.2005;11.49
1037;15.02.2005;12.49
1038;03.01.2005;38.97
1038;31.01.2005;28.48
1038;04.02.2005;21.48
1039;03.01.2005;26.98
1039;09.05.2005;77.24
1039;16.05.2005;29.47
1039;20.05.2005;26.48
1039;10.06.2005;95.95
1039;15.08.2005;14.96
1039;21.09.2005;12.49
1039;25.09.2005;10.77
1039;10.10.2005;13.77
1039;27.01.2006;38.07
1039;10.07.2006;85.42
104;03.01.2005;29.48
1040;03.01.2005;18.49
1041;03.01.2005;128.13
1041;30.01.2005;9.49
1041;05.02.2005;9.97
1041;07.03.2005;56.94
1041;11.03.2005;14.37
1041;12.03.2005;29.92
1041;27.03.2005;18.52
1041;31.03.2005;12.77
1041;14.04.2005;22.98
1041;23.04.2005;24.48
1041;26.04.2005;12.49
1041;04.05.2005;93.24
1041;24.05.2005;23.94
1041;30.05.2005;54.73
1041;31.05.2005;28.74
1041;09.06.2005;12.99
1041;24.06.2005;30.48
1041;06.07.2005;29.33
1041;29.07.2005;24.54
1041;13.08.2005;55.32
1041;19.08.2005;23.98
1041;08.09.2005;14.99
1041;18.09.2005;69.55
1041;18.09.2005;32.98
1041;18.09.2005;48.46
1041;23.09.2005;59.16
1041;24.09.2005;14.37
1041;27.09.2005;47.52
1041;30.09.2005;43.48
1041;30.09.2005;28.48
1041;01.10.2005;65.63
1041;03.10.2005;12.49
1041;03.10.2005;12.99
1041;19.10.2005;45.49
1041;24.10.2005;29.13
1041;03.11.2005;25.56
1041;05.11.2005;52.63
1041;07.11.2005;31.78
1041;12.11.2005;28.34
1041;18.11.2005;31.03
1041;21.11.2005;26.73
1041;06.12.2005;21.56
1041;13.12.2005;14.79
1041;13.12.2005;12.99
1041;09.01.2006;15.49
1041;09.01.2006;83.44
1041;10.01.2006;7.78
1041;11.01.2006;28.74
1041;11.01.2006;155.8
1041;17.01.2006;20.99
1041;20.01.2006;26.3
1041;25.01.2006;23.98
1041;30.01.2006;69.45
1041;01.02.2006;37.26
1041;01.02.2006;7.78
1041;18.02.2006;22.15
1041;19.02.2006;77.42
1041;21.02.2006;13.77
1041;22.02.2006;12.49
1041;22.02.2006;27.98
1041;27.02.2006;11.88
1041;10.03.2006;35.31
1041;11.03.2006;63.86
1041;13.03.2006;36.73
1041;21.03.2006;13.97
1041;25.03.2006;12.49
1041;26.03.2006;48.88
1041;28.03.2006;21.54
1041;14.04.2006;38.7
1041;20.04.2006;8
1041;20.04.2006;14.37
1042;03.01.2005;22.48
1043;03.01.2005;27.56
1044;03.01.2005;24.74
1044;07.02.2005;46.47
1044;09.02.2005;12.49
1044;10.02.2005;12.97
1044;07.03.2005;9.49
1044;19.04.2005;24.99
1044;19.07.2005;17.99
1044;04.08.2005;14.96
1044;22.08.2005;13.97
1044;26.08.2005;21.47
1044;28.08.2005;14.99
1044;17.09.2005;11.77
1044;03.11.2005;59.28
1044;15.11.2005;12.77
1044;17.12.2005;14.99
1044;13.01.2006;47.97
1044;06.04.2006;16.36
1044;01.05.2006;224.28
1044;04.05.2006;12.97
1044;09.05.2006;24.98
1044;12.05.2006;28.49
1044;12.05.2006;33.14
1045;03.01.2005;42.49
1045;21.12.2005;2.99
1046;03.01.2005;12.99
1046;26.02.2005;13.99
1046;02.09.2005;52.63
1046;08.09.2005;42.97
1046;29.11.2005;19.56
1047;03.01.2005;17.9
1047;08.03.2005;129.98
1048;03.01.2005;14.37
1049;03.01.2005;56.47
105;03.01.2005;14.96
105;24.01.2005;25.37
105;20.02.2005;11.77
105;25.02.2005;29.98
105;06.03.2005;29.96
105;10.03.2005;93.57
105;16.03.2005;4.79
105;21.12.2005;5.79
1050;03.01.2005;73.02
1050;12.02.2005;15.36
1050;09.04.2005;7.49
1050;09.05.2005;15.49
1050;27.11.2005;4.79
1050;28.11.2005;87.4
1050;16.12.2005;11.77
1051;03.01.2005;14.96
1052;03.01.2005;23.76
1052;27.02.2005;40.7
1052;10.03.2005;31.13
1052;24.08.2005;43.89
1052;03.11.2005;15.49
1053;03.01.2005;20.55
1053;22.01.2005;29.33
1053;23.01.2005;50.94
1053;10.02.2005;51.96
1053;21.02.2005;42.97
1053;12.03.2005;10.97
1053;05.04.2005;22.74
1053;12.04.2005;25.16
1053;20.04.2005;31.14
1053;22.05.2005;51.15
1053;06.06.2005;15.36
1053;21.06.2005;11.77
1053;30.07.2005;38.9
1053;10.08.2005;27.94
1053;19.08.2005;44.88
1053;23.08.2005;28.48
1053;30.08.2005;60.23
1053;17.09.2005;28.48
1053;15.10.2005;40.7
1053;20.10.2005;59.74
1053;01.11.2005;29.37
1053;02.12.2005;13.97
1053;04.12.2005;37.96
1053;18.01.2006;29.27
1053;03.03.2006;90.2
1053;17.04.2006;14.96
1053;26.04.2006;14.96
1054;03.01.2005;12.99
1054;11.01.2005;13.97
1054;25.01.2005;58.95
1054;17.04.2005;15.36
1054;30.04.2005;43.94
1054;15.07.2005;14.96
1054;23.09.2005;26.77
1054;01.11.2005;51.68
1054;27.02.2006;15.49
1054;13.03.2006;9.99
1054;05.07.2006;42.47
1055;03.01.2005;63.85
1055;04.01.2005;13.49
1055;26.01.2005;157.86
1055;28.01.2005;33.76
1055;22.02.2005;78.98
1055;30.03.2005;26.48
1055;06.04.2005;15.56
1055;16.04.2005;11.77
1055;18.04.2005;14.79
1055;22.04.2005;4.79
1055;19.05.2005;33.4
1055;17.06.2005;25.74
1055;23.08.2005;23.54
1055;17.09.2005;35.31
1055;30.10.2005;26.87
1055;08.11.2005;35.51
1055;13.11.2005;46.48
1055;05.12.2005;45.88
1055;10.12.2005;22.96
1055;10.12.2005;57.1
1055;17.12.2005;19.49
1055;21.12.2005;14.96
1055;14.02.2006;101.82
1055;15.02.2006;31.98
1055;16.02.2006;13.97
1055;07.03.2006;79.94
1055;24.03.2006;15.49
1055;30.03.2006;23.98
1055;06.05.2006;75.53
1055;07.07.2006;16.31
1056;03.01.2005;14.42
1056;08.03.2005;14.96
1056;02.04.2005;27.55
1056;06.05.2005;11.49
1056;12.05.2005;71.45
1056;09.06.2005;19.3
1056;19.06.2005;14.99
1056;27.06.2005;25.74
1056;18.07.2005;69.95
1056;18.07.2005;101.41
1056;06.08.2005;12.99
1056;19.08.2005;16.79
1056;20.09.2005;10.77
1056;07.10.2005;44.73
1056;11.10.2005;28.93
1056;13.10.2005;28.99
1056;08.11.2005;13.97
1056;13.11.2005;27.3
1056;13.11.2005;54.35
1056;21.11.2005;33.72
1056;10.01.2006;11.77
1056;13.01.2006;10.99
1056;14.01.2006;30.98
1056;20.01.2006;45.68
1056;25.01.2006;15.99
1056;03.02.2006;26.73
1056;07.02.2006;14.96
1056;08.02.2006;25.98
1056;11.02.2006;134.9
1056;14.02.2006;24.99
1056;15.02.2006;37.97
1056;15.02.2006;24.47
1056;21.03.2006;15.96
1056;17.04.2006;12.99
1056;25.04.2006;65.64
1056;30.04.2006;10.77
1056;08.06.2006;29.92
1056;29.06.2006;15.36
1056;08.07.2006;12.49
1057;03.01.2005;33.96
1057;01.03.2006;12.49
1058;03.01.2005;19.99
1058;16.02.2005;14.99
1058;24.03.2005;14.87
1058;04.06.2005;26.73
1058;30.09.2005;95.43
1058;30.11.2005;12.49
1059;03.01.2005;28.93
1059;31.01.2005;12.99
1059;03.02.2005;11.49
1059;16.02.2005;89.43
1059;22.03.2005;40.97
1059;09.04.2005;68.77
1059;16.05.2005;14.37
1059;25.05.2005;13.97
1059;14.11.2005;11.77
1059;06.01.2006;23.98
1059;03.02.2006;13.97
1059;18.02.2006;32.94
1059;20.02.2006;12.25
1059;07.03.2006;23.98
1059;03.04.2006;34.97
1059;14.04.2006;14.37
1059;03.07.2006;31.8
106;03.01.2005;13.97
106;30.03.2005;63.48
106;23.05.2005;81.41
106;26.06.2005;14.49
106;17.08.2005;18.99
106;15.10.2005;98.5
106;23.10.2005;140.68
106;31.10.2005;49.91
106;19.11.2005;20.98
106;25.11.2005;14.96
106;07.02.2006;14.49
106;10.02.2006;36.33
106;13.02.2006;15.49
106;11.03.2006;41.9
106;16.03.2006;18.48
106;17.03.2006;10.98
106;01.04.2006;68.45
1060;03.01.2005;37.48
1061;03.01.2005;72.31
1062;03.01.2005;14.79
1062;06.01.2005;15.76
1062;28.01.2005;12.77
1062;07.04.2005;15.36
1062;07.07.2005;35.97
1063;03.01.2005;19.98
1063;14.05.2005;49.96
1063;16.07.2005;13.96
1063;08.09.2005;91.73
1064;03.01.2005;38.51
1065;03.01.2005;9.98
1066;03.01.2005;14.99
1066;05.03.2005;46.28
1066;03.04.2005;14.37
1067;03.01.2005;39.48
1067;25.05.2005;39.47
1067;20.06.2005;37.54
1067;26.06.2005;17.76
1067;30.07.2005;25.98
1068;03.01.2005;29.76
1068;04.01.2005;323.68
1068;04.02.2005;12.77
1068;06.02.2005;151.98
1068;16.02.2005;90.41
1068;22.03.2005;13.97
1069;03.01.2005;12.99
1069;18.01.2005;27.48
1069;20.01.2005;26.73
1069;20.01.2005;15.36
107;03.01.2005;51.11
107;13.01.2005;13.99
107;14.02.2005;31.51
107;20.02.2005;13.97
107;20.02.2005;87.04
107;22.02.2005;8.77
107;26.04.2005;292.66
107;11.06.2005;28.47
107;14.06.2005;8.77
107;17.07.2005;19.54
107;16.08.2005;10.77
107;07.09.2005;6.49
107;12.09.2005;14.99
107;21.09.2005;13.97
107;15.10.2005;11.77
107;28.10.2005;14.37
107;09.11.2005;30.33
107;12.11.2005;15.96
107;20.11.2005;12.77
107;21.11.2005;27
107;24.11.2005;20.95
1070;03.01.2005;29.16
1071;03.01.2005;19.54
1071;21.02.2005;32.98
1071;22.03.2005;28.47
1071;21.04.2005;9.49
1072;03.01.2005;14.79
1073;03.01.2005;62.45
1073;09.01.2005;42.47
1073;10.01.2005;52.54
1073;15.01.2005;30.97
1073;19.01.2005;77.94
1073;22.01.2005;26.74
1073;31.01.2005;60.84
1073;05.02.2005;37.65
1074;03.01.2005;12.77
1074;23.04.2005;33.37
1074;06.06.2005;24.48
1074;20.06.2005;29.92
1074;14.07.2005;15.49
1074;18.08.2005;12.99
1074;04.10.2005;39.93
1074;21.10.2005;65.8
1074;03.11.2005;26.94
1074;12.11.2005;23.54
1074;21.11.2005;14.96
1074;01.12.2005;36.73
1074;03.12.2005;50.87
1075;03.01.2005;101.94
1075;20.03.2005;41.68
1075;09.05.2005;14.97
1075;02.06.2005;14.99
1075;08.07.2005;8.77
1075;14.07.2005;34.9
1075;31.07.2005;15.36
1075;15.08.2005;28.37
1075;21.10.2005;46.08
1075;25.10.2005;9.77
1075;31.10.2005;42.48
1075;30.11.2005;151.77
1075;08.12.2005;13.97
1075;25.12.2005;9.49
1075;08.02.2006;13.97
1075;08.04.2006;33.38
1075;07.05.2006;19.77
1075;05.06.2006;27.98
1075;04.07.2006;14.79
1076;03.01.2005;15.96
1076;18.04.2005;30.36
1076;29.05.2005;29.99
1076;17.10.2005;13.97
1076;23.01.2006;12.49
1076;13.03.2006;42.69
1076;20.06.2006;24.94
1077;03.01.2005;54.97
1077;05.01.2005;66.84
1077;20.02.2005;22.54
1078;03.01.2005;12.97
1079;03.01.2005;31.03
1079;27.02.2005;29.13
1079;28.02.2005;46.53
1079;19.03.2005;26.48
1079;30.03.2005;37.51
1079;09.04.2005;19.28
1079;13.04.2005;30.98
108;03.01.2005;12.99
1080;03.01.2005;11.49
1080;21.01.2005;56.66
1080;12.03.2005;29.92
1080;16.05.2005;11.99
1080;02.07.2005;15.96
1080;04.07.2005;15.36
1080;11.09.2005;63.04
1081;03.01.2005;12.49
1081;04.01.2005;12.99
1081;04.01.2005;34.94
1081;05.01.2005;62.97
1081;05.01.2005;28.34
1081;29.01.2005;14.37
1082;03.01.2005;40.47
1083;03.01.2005;38.24
1083;16.02.2005;22.54
1083;14.05.2005;33.96
1083;31.05.2005;13.97
1083;07.06.2005;14.96
1083;24.06.2005;13.97
1083;17.07.2005;29.96
1083;03.11.2005;51.1
1084;03.01.2005;39.95
1084;04.03.2005;22.48
1084;06.03.2005;72.46
1084;24.03.2005;14.79
1084;26.03.2005;12.49
1084;30.03.2005;29.6
1084;11.06.2005;14.79
1084;19.10.2005;30.47
1084;29.10.2005;60.44
1084;06.11.2005;28.98
1084;04.01.2006;30.13
1084;04.01.2006;15.36
1084;12.03.2006;28.93
1084;31.03.2006;29.92
1084;13.04.2006;11.77
1084;28.04.2006;15.49
1084;02.05.2006;125.5
1085;03.01.2005;30.98
1085;07.02.2005;5.78
1085;07.06.2005;36.97
1085;12.10.2005;42.69
1085;09.03.2006;81.96
1086;03.01.2005;16.99
1087;03.01.2005;65.63
1087;11.01.2005;39.47
1087;27.01.2005;43.89
1088;03.01.2005;16.36
1088;05.02.2005;15.36
1088;08.03.2005;32.97
1088;14.03.2005;45.5
1088;02.05.2005;9.98
1088;24.05.2005;14.37
1088;25.05.2005;11.77
1088;02.06.2005;28.46
1088;04.06.2005;11.77
1088;05.06.2005;16.99
1088;20.06.2005;13.97
1088;09.07.2005;14.79
1088;28.07.2005;14.37
1088;19.08.2005;5.78
1088;19.08.2005;12.77
1088;06.09.2005;85.75
1089;03.01.2005;67.48
109;03.01.2005;23.94
1090;03.01.2005;12.25
1090;04.04.2005;15.96
1090;06.05.2005;43.7
1090;26.05.2005;5.78
1090;07.06.2005;29.48
1090;21.08.2005;14.96
1090;09.10.2005;15.36
1090;24.10.2005;14.96
1090;08.12.2005;26.98
1090;13.12.2005;11.77
1090;16.12.2005;35.31
1090;15.01.2006;55.26
1090;24.01.2006;28.74
1090;28.01.2006;27.28
1090;09.03.2006;6.79
1090;23.04.2006;24.14
1090;28.04.2006;32.97
1090;29.05.2006;29.93
1090;03.06.2006;17.7
1090;06.06.2006;43.99
1091;03.01.2005;96.74
1091;13.05.2006;25.74
1092;03.01.2005;11.49
1092;17.10.2005;59.34
1092;02.11.2005;14.37
1092;22.11.2005;14.96
1092;25.11.2005;11.97
1092;01.12.2005;15.36
1092;31.12.2005;47.96
1092;17.01.2006;9.49
1092;22.05.2006;70.82
1092;29.06.2006;42.36
1092;10.07.2006;61.44
1093;03.01.2005;23.54
1094;03.01.2005;30.97
1095;03.01.2005;49.7
1095;04.02.2005;32.91
1095;05.02.2005;26.98
1095;24.06.2005;12.49
1095;28.08.2005;52.51
1095;13.10.2005;40.97
1095;25.10.2005;14.99
1095;05.11.2005;358.56
1095;11.11.2005;16.96
1095;28.12.2005;218.72
1095;22.02.2006;14.37
1095;20.05.2006;37.47
1095;18.06.2006;40.05
1096;03.01.2005;204.91
1096;08.02.2005;27.48
1097;03.01.2005;61.09
1098;03.01.2005;26.49
1098;29.06.2005;41.5
1098;23.07.2005;11.77
1098;11.08.2005;21.98
1098;26.11.2005;42.29
1098;12.12.2005;43.73
1098;29.12.2005;11.77
1099;03.01.2005;73.81
1099;02.02.2005;60.05
1099;03.04.2005;48.98
1099;03.04.2005;29.33
1099;24.07.2005;37.86
1099;07.08.2005;15.96
1099;14.10.2005;14.99
1099;17.10.2005;14.37
1099;23.11.2005;42.66
1099;08.03.2006;25.74
1099;17.03.2006;12.97
1099;26.05.2006;21.54
11;03.01.2005;60.56
11;12.01.2005;89.35
11;30.03.2005;27.94
110;03.01.2005;20.98
110;14.02.2005;12.99
110;14.03.2005;36.5
1100;03.01.2005;26.56
1100;02.09.2005;28.97
1100;20.09.2005;14.96
1100;01.07.2006;12.77
1101;03.01.2005;9.77
1101;30.03.2005;52.67
1101;17.05.2005;23.54
1101;22.05.2005;5.98
1101;25.06.2005;25.77
1101;19.07.2005;15.36
1101;05.08.2005;60.64
1101;19.10.2005;50.28
1101;02.11.2005;5.78
1101;29.11.2005;25.98
1101;17.12.2005;17.95
1101;16.03.2006;71.83
1101;20.04.2006;6.49
1101;18.05.2006;12.99
1101;01.07.2006;32.97
1102;03.01.2005;65.99
1102;12.01.2005;52.3
1102;19.01.2005;13.97
1102;26.01.2005;29.92
1102;04.02.2005;59.66
1102;02.03.2005;53.46
1102;07.05.2005;12.58
1102;13.06.2005;22.7
1102;15.06.2005;12.99
1102;19.06.2005;11.77
1102;23.06.2005;35.31
1102;24.06.2005;64.46
1102;30.06.2005;6.79
1102;03.07.2005;27.98
1102;27.08.2005;27.77
1102;03.09.2005;11.77
1102;06.09.2005;15.96
1102;20.09.2005;43.99
1102;21.09.2005;37.03
1102;25.09.2005;119.41
1102;13.10.2005;42.06
1102;21.10.2005;25.98
1102;30.10.2005;39.97
1102;09.11.2005;50.88
1102;13.11.2005;11.49
1102;30.11.2005;57.9
1102;01.12.2005;11.88
1102;07.12.2005;4.79
1102;08.12.2005;12.25
1102;19.12.2005;102.48
1102;18.01.2006;41.29
1102;21.01.2006;26.07
1102;27.01.2006;74.21
1102;30.01.2006;83.42
1102;21.02.2006;29.58
1102;26.02.2006;10.77
1102;01.03.2006;29.33
1102;11.03.2006;25.34
1102;20.03.2006;24.37
1102;07.05.2006;19.54
1102;24.05.2006;16.7
1102;09.07.2006;12.57
1103;03.01.2005;26.75
1103;06.01.2005;78.26
1104;03.01.2005;14.96
1104;30.10.2005;27.13
1104;15.12.2005;56.35
1104;21.12.2005;27.99
1104;16.02.2006;179.71
1105;03.01.2005;30.72
1105;01.02.2005;54.51
1105;20.05.2005;47.98
1105;06.06.2005;11.77
1105;19.10.2005;28.73
1105;09.11.2005;38.5
1105;04.01.2006;13.97
1105;20.01.2006;28.97
1105;29.01.2006;11.97
1106;03.01.2005;41.4
1106;05.11.2005;13.99
1106;28.11.2005;17.9
1107;03.01.2005;55.04
1107;07.01.2005;16.99
1107;08.01.2005;174.99
1107;15.01.2005;13.97
1107;22.01.2005;42.08
1107;26.01.2005;47.28
1107;30.01.2005;28.49
1107;08.02.2005;13.97
1107;16.02.2005;16.99
1107;08.03.2005;25.74
1107;22.03.2005;28.74
1107;14.04.2005;16.36
1107;18.05.2005;9.98
1107;23.05.2005;15.96
1107;03.06.2005;59.9
1107;10.06.2005;147.15
1107;11.06.2005;69.22
1107;01.07.2005;50.33
1107;24.07.2005;10.78
1107;27.07.2005;14.37
1107;30.07.2005;50.05
1107;13.08.2005;43.7
1107;13.08.2005;131.46
1107;24.08.2005;90.83
1107;29.08.2005;68.48
1107;01.09.2005;26.99
1107;22.09.2005;24.73
1107;30.09.2005;34.86
1107;02.10.2005;11.77
1107;18.10.2005;9.98
1107;18.10.2005;12.58
1107;27.10.2005;56.96
1107;30.10.2005;19.99
1107;21.11.2005;24.98
1107;27.11.2005;80.44
1107;30.11.2005;12.49
1107;10.12.2005;14.49
1107;19.12.2005;17.9
1107;23.12.2005;14.96
1107;20.01.2006;46.99
1107;31.01.2006;11.77
1107;05.02.2006;8.38
1107;11.02.2006;88.7
1107;22.02.2006;21.54
1107;27.02.2006;64.99
1107;13.03.2006;14.99
1107;23.03.2006;58.26
1107;13.04.2006;11.77
1107;17.05.2006;24.46
1107;10.06.2006;41.48
1107;10.06.2006;14.96
1107;05.07.2006;40.7
1107;12.07.2006;14.37
1108;03.01.2005;15.49
1108;20.01.2005;31.72
1108;17.04.2005;12.97
1108;25.04.2005;26.14
1108;12.06.2005;12.97
1108;14.07.2005;24.33
1108;20.07.2005;14.99
1108;21.08.2005;28.84
1108;17.09.2005;15.3
1108;21.09.2005;30.72
1108;24.09.2005;51.1
1108;24.09.2005;21.95
1108;12.10.2005;15.99
1108;27.10.2005;64.35
1108;03.11.2005;30.15
1108;11.11.2005;39.51
1108;11.11.2005;45.74
1108;16.11.2005;45.35
1108;20.11.2005;19.99
1108;28.11.2005;55.27
1108;02.12.2005;32.29
1108;07.12.2005;18.99
1108;16.12.2005;13.99
1108;16.12.2005;13.97
1108;25.12.2005;48.98
1108;04.01.2006;45.98
1108;11.01.2006;34.98
1108;17.02.2006;23.14
1108;11.05.2006;34.46
1108;26.05.2006;20
1108;04.06.2006;38.1
1108;06.06.2006;28.73
1109;03.01.2005;47.71
1109;14.02.2005;14.37
1109;31.03.2005;42.32
1109;11.04.2005;76.6
1109;20.04.2005;19.96
1109;20.04.2005;28.99
1109;22.04.2005;35.99
1109;26.04.2005;24.48
1109;29.04.2005;14.96
1109;11.05.2005;13.99
1109;14.05.2005;19.77
1109;14.05.2005;43.86
1109;04.07.2005;45.68
1109;04.07.2005;25.98
1109;27.07.2005;13.97
1109;08.08.2005;15.36
1109;12.08.2005;41.97
1109;21.08.2005;25.16
1109;25.08.2005;40.97
1109;30.08.2005;11.77
1109;15.09.2005;31.31
1109;16.09.2005;60.66
1109;26.09.2005;14.96
1109;09.10.2005;43.36
1109;11.10.2005;44.71
1109;24.10.2005;41.97
1109;02.11.2005;16.99
1109;11.11.2005;47.13
1109;19.11.2005;14.7
1109;23.11.2005;9.77
1109;04.12.2005;22.48
1109;16.01.2006;82.96
1109;20.01.2006;11.02
1109;20.01.2006;26
1109;15.02.2006;56.27
1109;17.02.2006;16.36
1109;17.02.2006;37.47
1109;09.03.2006;85.21
1109;21.03.2006;176.45
1109;01.04.2006;29.98
1109;27.06.2006;13.97
1109;28.06.2006;31.51
111;03.01.2005;10.49
111;05.01.2005;24.98
111;05.01.2005;48.28
111;30.01.2005;83.47
111;04.02.2005;11.77
111;10.02.2005;61.43
111;10.02.2005;27.34
111;16.02.2005;14.96
111;18.02.2005;15.36
111;18.02.2005;18.49
111;19.02.2005;58.47
111;21.02.2005;11.49
111;07.03.2005;15.36
111;20.03.2005;19.49
111;25.03.2005;32.99
111;04.04.2005;49.08
111;13.04.2005;15.49
111;21.04.2005;46.48
111;25.04.2005;13.99
111;22.05.2005;19.97
111;24.05.2005;14.96
111;29.05.2005;25.99
111;01.06.2005;14.96
111;05.06.2005;41.9
111;23.06.2005;47.28
111;01.07.2005;9.98
1110;03.01.2005;13.97
1110;08.01.2005;12.99
1110;24.01.2005;29.92
1110;07.04.2005;38.47
1110;21.05.2005;91.88
1110;29.05.2005;36.48
1110;01.06.2005;187.68
1110;25.07.2005;11.58
1110;07.09.2005;26.67
1110;07.10.2005;14.96
1110;08.10.2005;29.58
1110;17.10.2005;31.47
1110;28.11.2005;11.88
1110;07.12.2005;54.95
1110;12.04.2006;29.99
1111;03.01.2005;14.37
1111;18.06.2005;35.31
1111;21.06.2005;29.49
1111;20.07.2005;25.99
1111;30.07.2005;11.77
1111;16.08.2005;11.77
1111;31.08.2005;54.96
1111;12.02.2006;6.79
1112;03.01.2005;21.98
1113;03.01.2005;44.97
1113;15.09.2005;16.9
1114;03.01.2005;24.73
1114;05.03.2005;20.37
1114;07.02.2006;13.97
1115;03.01.2005;126.37
1115;29.04.2005;52.46
1115;08.05.2005;67.7
1115;27.05.2005;15.36
1115;21.09.2005;9.99
1115;25.10.2005;20.74
1115;06.11.2005;15.96
1116;03.01.2005;52.27
1116;08.05.2005;43.89
1116;05.06.2005;31.32
1116;15.10.2005;26.73
1116;31.10.2005;24.14
1116;11.01.2006;36.76
1116;22.03.2006;32.99
1116;30.06.2006;15.96
1117;03.01.2005;9.98
1117;25.02.2005;52.46
1117;26.03.2006;21.53
1118;03.01.2005;13.99
1118;18.09.2005;12.49
1118;24.03.2006;28.93
1118;04.05.2006;12.79
1118;26.05.2006;29.92
1118;04.07.2006;40.49
1119;03.01.2005;9.49
1119;02.03.2005;20.76
1119;30.03.2005;4.49
1119;08.07.2005;30.33
1119;21.07.2005;95.91
1119;26.09.2005;25.98
1119;27.11.2005;14.37
1119;27.03.2006;141.16
1119;24.05.2006;39.48
1119;07.07.2006;35.51
112;03.01.2005;2.99
1120;03.01.2005;29.92
1121;03.01.2005;5.49
1122;03.01.2005;10.99
1122;25.01.2005;6.79
1122;02.03.2005;11.77
1122;03.04.2005;52.96
1122;17.04.2005;76.2
1122;23.04.2005;39.94
1122;29.04.2005;26.13
1122;08.05.2005;72.82
1122;22.06.2005;24.34
1122;28.07.2005;14.3
1122;03.08.2005;25.98
1122;08.08.2005;8.49
1122;21.08.2005;32.97
1122;27.08.2005;25.98
1122;27.08.2005;27.93
1122;09.09.2005;57.54
1122;09.09.2005;7.78
1122;04.11.2005;13.97
1122;17.11.2005;21.97
1122;21.11.2005;12.77
1122;26.11.2005;14.49
1122;28.11.2005;16.49
1122;13.12.2005;29.58
1122;18.12.2005;25.37
1122;27.12.2005;14.96
1122;08.01.2006;11.77
1122;14.03.2006;84.04
1122;26.03.2006;24.99
1122;05.04.2006;13.97
1122;25.05.2006;13.99
1122;28.05.2006;75.97
1122;04.06.2006;24.48
1122;09.06.2006;26.98
1122;14.06.2006;17.49
1123;03.01.2005;14.99
1123;04.01.2005;61.95
1123;11.01.2005;13.77
1123;01.02.2005;21.7
1123;16.03.2005;14.96
1123;02.04.2005;63.67
1123;23.04.2005;43.3
1123;05.05.2005;103.45
1123;24.06.2005;11.77
1123;05.07.2005;31.98
1123;10.07.2005;9.97
1123;29.07.2005;15.36
1123;13.08.2005;14.96
1123;23.09.2005;19.77
1123;08.10.2005;37.73
1123;03.11.2005;37.45
1123;20.12.2005;29.92
1123;09.01.2006;79.01
1123;05.02.2006;41.97
1123;18.02.2006;36.11
1123;08.03.2006;74.93
1123;29.03.2006;74.29
1123;27.04.2006;15.49
1123;16.05.2006;13.97
1123;22.05.2006;38.97
1123;05.07.2006;40.47
1124;03.01.2005;109.99
1124;23.01.2005;20.74
1125;03.01.2005;29.48
1125;19.11.2005;11.77
1125;04.12.2005;41.9
1125;05.04.2006;49.08
1125;26.06.2006;52.28
1126;03.01.2005;23.74
1126;15.03.2005;24.98
1126;25.05.2005;37.31
1126;06.06.2005;61.34
1126;22.06.2005;201.55
1126;28.06.2005;6.28
1126;21.07.2005;14.99
1126;27.07.2005;110.97
1126;21.08.2005;31.76
1126;03.09.2005;68.63
1126;04.10.2005;28.49
1126;09.10.2005;41.47
1126;11.10.2005;81.96
1126;12.10.2005;12.99
1126;13.10.2005;36.97
1126;24.10.2005;17.73
1126;03.11.2005;13.97
1126;10.11.2005;15.3
1126;12.11.2005;38.31
1126;17.11.2005;12.49
1126;26.11.2005;44.52
1126;11.12.2005;35.72
1126;11.12.2005;55.04
1126;17.12.2005;25.74
1126;10.01.2006;20.98
1126;17.01.2006;27.98
1126;02.02.2006;12.97
1126;02.02.2006;31.97
1126;05.02.2006;26.48
1126;07.02.2006;54.9
1126;08.02.2006;14.9
1126;13.02.2006;11.88
1126;08.03.2006;14.96
1126;29.03.2006;144.08
1126;30.03.2006;55.83
1126;01.04.2006;40.74
1126;19.05.2006;13.58
1126;09.06.2006;13.77
1126;25.06.2006;25.93
1127;03.01.2005;7.98
1127;03.07.2006;14.37
1128;03.01.2005;29.73
1128;27.01.2005;116.33
1128;06.02.2005;17.3
1128;23.03.2005;15.96
1128;23.03.2005;14.96
1128;26.03.2005;49.28
1128;26.03.2005;56.95
1129;03.01.2005;14.37
113;03.01.2005;11.77
1130;03.01.2005;91.92
1131;03.01.2005;112.72
1131;01.02.2005;66.43
1131;15.09.2005;75.2
1131;27.02.2006;13.72
1131;02.04.2006;46.96
1131;17.05.2006;42.97
1131;25.06.2006;21.98
1132;03.01.2005;15.9
1132;21.04.2005;8.97
1133;03.01.2005;25.98
1133;28.01.2005;13.77
1133;06.02.2005;23.99
1133;08.02.2005;29.98
1133;10.03.2005;28.34
1133;28.03.2005;47
1133;10.04.2005;40.73
1133;14.04.2005;27.94
1133;18.04.2005;39.98
1133;22.04.2005;62.47
1133;04.06.2005;35.97
1133;06.06.2005;12.99
1133;30.06.2005;42.44
1133;06.07.2005;12.49
1133;15.07.2005;14.96
1133;15.07.2005;33.99
1133;27.07.2005;40.56
1133;22.08.2005;24.98
1133;10.10.2005;9.97
1133;16.10.2005;112.92
1133;04.11.2005;49.45
1133;16.11.2005;51.62
1133;17.11.2005;14.96
1133;25.11.2005;28.76
1133;28.11.2005;13.97
1133;06.12.2005;11.77
1133;27.12.2005;36.69
1133;25.01.2006;52.9
1133;11.02.2006;27.94
1133;14.02.2006;11.88
1133;02.03.2006;24.98
1133;08.03.2006;51.08
1133;10.03.2006;14.37
1133;11.03.2006;23.74
1133;03.04.2006;26.94
1133;16.04.2006;10.99
1133;06.05.2006;147.07
1133;21.05.2006;81.95
1133;22.05.2006;15.99
1133;25.06.2006;13.97
1133;01.07.2006;30.72
1133;06.07.2006;18.76
1133;15.07.2006;13.97
1134;03.01.2005;40.05
1134;20.02.2005;104.41
1134;25.02.2005;14.96
1134;07.03.2005;98.6
1134;20.04.2005;75.2
1134;08.10.2005;102.93
1134;12.02.2006;27.94
1134;27.03.2006;87.63
1134;01.05.2006;46.84
1134;10.06.2006;32.48
1135;03.01.2005;19.77
1135;26.04.2005;16.75
1135;05.09.2005;14.49
1135;23.11.2005;74.95
1135;14.12.2005;28.74
1135;14.02.2006;19.99
1135;08.03.2006;118.45
1135;27.06.2006;17.49
1136;03.01.2005;16.36
1136;13.07.2005;28.93
1137;03.01.2005;94.7
1137;12.02.2006;47.12
1138;03.01.2005;13.77
1138;24.01.2005;13.97
1138;21.02.2005;12.99
1138;04.04.2005;11.77
1138;12.04.2005;24.98
1138;13.04.2005;7.98
1138;27.04.2005;62.47
1138;29.04.2005;9.98
1138;07.05.2005;15.36
1138;07.05.2005;12.49
1138;16.05.2005;58.85
1138;19.05.2005;222.3
1138;27.05.2005;56.29
1138;25.06.2005;14.37
1138;28.06.2005;60.88
1138;07.07.2005;12.79
1138;11.07.2005;11.49
1138;15.07.2005;54.84
1138;08.08.2005;11.77
1138;13.08.2005;14.77
1138;31.08.2005;39.73
1138;05.09.2005;14.37
1138;11.09.2005;11.77
1138;14.09.2005;22.74
1138;06.10.2005;14.37
1138;09.10.2005;103.94
1138;10.10.2005;35.96
1138;30.10.2005;42.98
1138;05.11.2005;35.55
1138;06.11.2005;49.9
1138;29.11.2005;11.78
1138;04.12.2005;28.73
1138;09.12.2005;22.99
1138;09.12.2005;49.47
1138;10.12.2005;9.49
1138;12.12.2005;36.86
1138;26.12.2005;137.05
1138;14.01.2006;12.57
1138;16.01.2006;44.88
1138;24.01.2006;21.98
1138;04.02.2006;13.99
1138;10.02.2006;28.74
1138;14.02.2006;93.4
1138;12.03.2006;24.98
1138;15.03.2006;8.77
1138;10.05.2006;29.33
1139;03.01.2005;56.96
114;03.01.2005;59.85
114;01.02.2005;100.6
114;12.03.2005;15.36
114;28.03.2005;29.99
114;29.03.2005;32.33
114;07.05.2005;214.7
114;14.06.2005;29.66
1140;03.01.2005;74.95
1141;03.01.2005;53.51
1142;03.01.2005;31.49
1142;16.01.2005;60.45
1142;22.01.2005;15.36
1142;15.02.2005;8.97
1142;22.02.2005;9.49
1142;01.03.2005;57.85
1142;15.05.2005;38.77
1142;03.10.2005;29.99
1142;26.10.2005;18.99
1142;26.10.2005;75.21
1142;30.10.2005;42.7
1142;01.12.2005;70.93
1142;09.12.2005;38.95
1142;18.03.2006;34.97
1142;19.03.2006;9.49
1142;16.04.2006;14.96
1142;15.06.2006;99.93
1142;30.06.2006;17.99
1143;03.01.2005;13.97
1143;11.01.2005;21.97
1143;29.01.2005;5.76
1143;30.01.2005;15.36
1143;04.02.2005;23.98
1143;22.04.2005;35.77
1143;27.06.2005;54.88
1143;06.09.2005;56.46
1143;06.10.2005;12.99
1143;30.10.2005;96.36
1143;12.02.2006;25.14
1144;03.01.2005;19.99
1145;03.01.2005;5.98
1145;14.03.2005;47.47
1145;04.10.2005;26.14
1145;12.11.2005;19.76
1145;13.12.2005;29.33
1145;02.04.2006;23.54
1145;05.04.2006;6.77
1145;01.07.2006;13.97
1145;09.07.2006;13.97
1146;03.01.2005;49.87
1146;09.01.2005;33.8
1146;30.01.2005;44.52
1146;12.02.2005;9.49
1146;01.03.2005;75.09
1146;01.03.2005;14.7
1146;26.04.2005;25.54
1146;10.05.2005;59.84
1146;28.05.2005;93.24
1146;06.06.2005;14.49
1146;19.08.2005;73.13
1146;30.08.2005;15.9
1146;05.09.2005;26.73
1146;23.09.2005;17.49
1146;06.10.2005;27.94
1146;18.10.2005;13.99
1146;20.10.2005;14.7
1146;07.11.2005;16.36
1146;20.11.2005;12.49
1146;21.11.2005;29.58
1146;28.11.2005;49.68
1146;03.12.2005;19.98
1146;03.12.2005;53.96
1146;15.12.2005;40.4
1146;21.12.2005;84.19
1146;23.12.2005;23.54
1146;30.12.2005;22.97
1146;20.01.2006;12.76
1146;18.04.2006;15.36
1146;04.07.2006;27.77
1147;03.01.2005;27.98
1148;03.01.2005;48.36
1148;20.04.2005;58.89
1148;27.05.2005;14.99
1148;29.08.2005;31.92
1148;26.10.2005;11.77
1148;30.10.2005;39.71
1148;04.11.2005;11.77
1148;20.11.2005;29.99
1148;13.04.2006;15.76
1149;03.01.2005;33.98
1149;16.02.2005;76.99
1149;13.03.2005;466.32
1149;16.03.2005;97.79
1149;19.03.2005;49.97
1149;20.04.2005;100.04
1149;23.04.2005;9.49
1149;30.04.2005;15.36
1149;05.05.2005;31.54
1149;09.05.2005;21.54
1149;11.05.2005;28.48
1149;15.05.2005;33.31
1149;23.05.2005;11.77
1149;06.06.2005;13.97
1149;20.06.2005;35.23
1149;21.06.2005;14.96
1149;23.06.2005;59.07
1149;27.07.2005;28.93
1149;03.08.2005;28.93
1149;16.08.2005;21.7
1149;17.08.2005;29.92
1149;27.08.2005;11.56
1149;10.09.2005;85.42
1149;22.09.2005;139.02
1149;23.09.2005;39.47
1149;03.10.2005;82.94
1149;09.10.2005;27.57
1149;18.10.2005;14.37
1149;23.10.2005;15.36
1149;02.11.2005;11.77
1149;06.11.2005;11.49
1149;06.11.2005;58.25
1149;07.11.2005;32.48
1149;13.11.2005;13.99
1149;13.11.2005;73.95
1149;15.11.2005;12.49
1149;27.11.2005;71.67
1149;28.11.2005;88.8
1149;01.12.2005;11.77
1149;15.12.2005;11.77
1149;16.12.2005;37.47
1149;12.01.2006;14.99
1149;13.01.2006;53.48
1149;16.01.2006;27.98
1149;17.01.2006;39.5
1149;04.02.2006;43.73
1149;09.02.2006;58.74
1149;14.02.2006;48.37
1149;20.02.2006;40.97
1149;26.02.2006;12.97
1149;10.03.2006;26.13
1149;20.03.2006;46.47
1149;08.04.2006;45.4
1149;13.04.2006;38.06
1149;13.04.2006;14.37
1149;20.04.2006;50.73
1149;23.04.2006;63.47
1149;26.04.2006;24.46
1149;28.04.2006;28.34
1149;06.05.2006;53.97
1149;14.05.2006;70.46
1149;14.05.2006;12.99
1149;16.05.2006;24.74
1149;17.05.2006;14.99
1149;27.05.2006;13.77
1149;08.06.2006;6.49
1149;10.06.2006;10.78
1149;20.06.2006;11.77
1149;26.06.2006;11.99
1149;07.07.2006;43.35
1149;15.07.2006;14.37
115;03.01.2005;11.97
115;05.01.2005;34.38
115;22.01.2005;15.54
115;07.02.2005;2.99
115;12.02.2005;21.75
115;12.02.2005;13.99
115;15.02.2005;17.3
115;24.02.2005;29.95
115;25.02.2005;46.37
115;03.03.2005;23.99
115;08.03.2005;28.86
115;11.03.2005;37.96
115;24.03.2005;62.99
115;10.04.2005;29.13
115;14.04.2005;32.48
115;15.05.2005;11.49
115;21.05.2005;26.95
115;26.05.2005;162.89
115;07.06.2005;14.96
115;16.06.2005;27.13
115;18.06.2005;13.97
115;20.06.2005;13.57
115;26.06.2005;5.99
115;26.06.2005;42.9
115;27.06.2005;27.48
115;27.06.2005;70.83
115;14.07.2005;41.35
115;20.07.2005;14.37
115;06.08.2005;200.4
115;07.08.2005;15.49
115;10.08.2005;14.96
115;14.08.2005;28.93
115;24.08.2005;26.73
1150;03.01.2005;10.77
1150;14.02.2005;79.94
1150;18.04.2005;13.7
1150;22.04.2005;32.45
1150;30.05.2005;58.67
1150;02.07.2005;32.33
1150;11.08.2005;25.57
1150;20.08.2005;9.33
1150;10.11.2005;28.74
1150;24.11.2005;41.99
1150;24.01.2006;2.99
1150;28.02.2006;66.44
1150;06.03.2006;13.97
1151;03.01.2005;14.37
1151;26.04.2005;28.98
1152;03.01.2005;41.97
1153;03.01.2005;30.31
1154;03.01.2005;14.79
1154;04.01.2005;37.47
1154;08.04.2005;61.45
1154;14.06.2005;38.46
1154;06.08.2005;128.79
1154;06.09.2005;65.45
1154;14.09.2005;62.97
1154;28.09.2005;55.49
1154;24.11.2005;14.96
1154;25.11.2005;47.68
1154;30.12.2005;30.93
1154;03.01.2006;26.56
1154;23.06.2006;41.91
1155;03.01.2005;15.49
1155;28.02.2005;9.77
1155;21.05.2005;49.96
1155;26.09.2005;51.43
1155;29.09.2005;14.79
1155;05.11.2005;14.37
1155;20.12.2005;36.47
1155;06.03.2006;43.95
1155;09.03.2006;32.3
1156;03.01.2005;13.97
1156;09.02.2005;52.48
1156;09.05.2005;35.91
1156;11.08.2005;12.99
1156;26.10.2005;40.97
1156;26.12.2005;9.97
1157;03.01.2005;39
1158;03.01.2005;56.5
1158;15.01.2005;238.78
1158;01.02.2005;52.97
1158;07.03.2005;150.66
1158;07.04.2005;12.49
1158;09.04.2005;36.47
1158;02.05.2005;48.46
1158;02.05.2005;11.77
1158;14.05.2005;49.67
1158;06.06.2005;24.48
1158;29.06.2005;14.37
1158;04.07.2005;10.77
1158;21.07.2005;13.99
1158;05.09.2005;24.48
1158;18.09.2005;27.98
1158;19.09.2005;26.98
1158;27.09.2005;71.69
1158;04.10.2005;44.77
1159;03.01.2005;9.98
116;03.01.2005;12.77
116;25.04.2005;84.87
1160;03.01.2005;24.87
1160;11.01.2005;32.48
1160;23.01.2005;11.49
1160;09.03.2005;38.13
1160;17.03.2005;57.06
1160;17.03.2005;26.99
1160;18.03.2005;52.46
1160;04.04.2005;59.06
1160;14.04.2005;26.48
1160;19.04.2005;22.3
1160;20.04.2005;57.05
1160;04.05.2005;59.96
1160;19.05.2005;14.37
1160;28.05.2005;23.76
1160;14.06.2005;12.49
1160;27.06.2005;11.77
1160;28.06.2005;11.99
1160;30.06.2005;14.37
1160;08.07.2005;38.99
1160;12.07.2005;18.76
1160;17.07.2005;11.99
1160;19.07.2005;27.54
1160;04.08.2005;56.51
1160;05.08.2005;92.69
1160;19.08.2005;13.97
1160;01.09.2005;12.99
1160;02.09.2005;58.28
1160;09.09.2005;12.97
1160;18.09.2005;14.99
1160;19.09.2005;122.37
1160;21.09.2005;13.97
1160;24.09.2005;11.77
1160;27.09.2005;186.67
1160;28.09.2005;26.56
1160;29.09.2005;12.49
1160;01.10.2005;38.33
1160;06.10.2005;80.95
1160;06.10.2005;13.99
1160;12.10.2005;109.89
1160;13.10.2005;38.99
1160;15.10.2005;11.77
1160;15.10.2005;14.96
1160;19.10.2005;27.48
1160;22.10.2005;15.36
1160;22.10.2005;15.36
1160;23.10.2005;15.76
1160;23.10.2005;14.99
1160;28.10.2005;12.77
1160;30.10.2005;34.27
1160;31.10.2005;62.26
1160;31.10.2005;29.6
1160;02.11.2005;25.32
1160;03.11.2005;259.74
1160;03.11.2005;14.96
1160;03.11.2005;11.49
1160;03.11.2005;29.36
1160;04.11.2005;50.68
1160;06.11.2005;53.46
1160;07.11.2005;8.49
1160;07.11.2005;40.97
1160;07.11.2005;15.49
1160;09.11.2005;12.97
1160;10.11.2005;24.98
1160;11.11.2005;131.86
1160;12.11.2005;15.36
1160;13.11.2005;36.92
1160;15.11.2005;58.31
1160;17.11.2005;46.96
1160;20.11.2005;14.37
1160;22.11.2005;64.46
1160;23.11.2005;0
1160;23.11.2005;14.96
1160;23.11.2005;19.7
1160;24.11.2005;28.93
1160;26.11.2005;24.07
1160;27.11.2005;21.58
1160;30.11.2005;12.99
1160;30.11.2005;14.96
1160;01.12.2005;26.98
1160;05.12.2005;16.76
1160;05.12.2005;22.97
1160;06.12.2005;44.88
1160;08.12.2005;69.88
1160;08.12.2005;23.76
1160;08.12.2005;96.93
1160;09.12.2005;49.98
1160;09.12.2005;11.77
1160;11.12.2005;68.99
1160;12.12.2005;27.58
1160;12.12.2005;3.49
1160;13.12.2005;45.28
1160;13.12.2005;30.73
1160;13.12.2005;29.99
1160;14.12.2005;113.9
1160;16.12.2005;37.75
1160;18.12.2005;17.3
1160;23.12.2005;25.48
1160;29.12.2005;56.96
1160;04.01.2006;112.2
1160;08.01.2006;10.49
1160;19.02.2006;11.98
1160;23.02.2006;22.94
1160;09.03.2006;20.99
1160;21.03.2006;34.48
1160;22.03.2006;41.69
1160;08.04.2006;8.77
1160;15.04.2006;27.43
1160;21.04.2006;147.22
1160;11.05.2006;30.6
1160;12.05.2006;9.77
1160;23.05.2006;72.89
1160;26.05.2006;66.96
1160;04.06.2006;25.77
1160;16.06.2006;16.36
1160;30.06.2006;9.77
1160;30.06.2006;39.46
1161;03.01.2005;30.67
1161;06.01.2005;47.1
1161;18.07.2005;30.53
1161;13.09.2005;29.33
1161;01.11.2005;24.98
1161;23.11.2005;39.96
1161;30.12.2005;131.28
1161;15.02.2006;9.99
1162;03.01.2005;17.49
1162;16.02.2005;9.99
1163;03.01.2005;43.51
1163;06.09.2005;13.97
1163;19.11.2005;25.74
1164;03.01.2005;13.97
1164;10.05.2005;41.29
1164;10.11.2005;24.74
1165;03.01.2005;30.32
1165;11.01.2005;24.74
1166;03.01.2005;17.99
1166;05.02.2005;26.98
1166;19.03.2005;11.77
1166;04.04.2005;44.47
1166;07.04.2005;55.35
1166;11.04.2005;18.36
1166;30.04.2005;9.99
1166;08.05.2005;53.46
1166;01.06.2005;34.97
1166;06.07.2005;50.73
1167;03.01.2005;13.97
1167;12.02.2005;12.99
1167;06.03.2005;66.09
1167;23.04.2005;15.99
1167;23.05.2005;11.77
1167;05.06.2005;20.97
1167;05.06.2005;9.58
1167;13.06.2005;19.54
1167;13.06.2005;14.37
1167;22.06.2005;71.44
1167;03.07.2005;42.86
1167;04.07.2005;14.96
1167;19.07.2005;32.99
1167;30.07.2005;118.72
1167;03.09.2005;27.37
1167;08.09.2005;13.97
1167;10.09.2005;37.56
1167;04.10.2005;14.49
1167;01.11.2005;55.97
1167;10.11.2005;10.77
1167;01.12.2005;95.98
1167;02.12.2005;42.02
1167;03.12.2005;14.99
1167;18.12.2005;19.77
1167;20.12.2005;29.98
1167;21.12.2005;26.98
1167;11.02.2006;207.02
1167;05.03.2006;10.77
1167;10.03.2006;42.9
1167;12.03.2006;5.77
1167;21.03.2006;27.98
1167;24.03.2006;43.69
1167;30.03.2006;29.33
1167;20.04.2006;11.77
1167;10.06.2006;14.49
1167;10.06.2006;147.26
1167;12.06.2006;13.99
1167;05.07.2006;32.49
1168;03.01.2005;41.69
1168;20.03.2005;10.99
1168;03.04.2005;61.97
1168;06.06.2005;56.45
1169;03.01.2005;27.98
1169;08.05.2005;23.07
1169;15.05.2005;20.99
1169;06.07.2005;15.76
1169;24.07.2005;17.88
1169;17.09.2005;89.49
1169;24.09.2005;11.97
1169;08.12.2005;8.38
1169;27.12.2005;51.43
1169;20.01.2006;11.77
1169;04.02.2006;113.56
1169;02.03.2006;36.11
1169;13.04.2006;11.99
1169;13.04.2006;26.73
1169;25.04.2006;12.49
1169;05.05.2006;44.69
1169;14.05.2006;15.36
1169;15.05.2006;11.56
1169;27.05.2006;17.7
1169;08.06.2006;64.01
117;03.01.2005;14.96
117;05.01.2005;104.95
117;14.01.2005;39.97
117;19.01.2005;9.58
117;14.02.2005;80.73
117;17.02.2005;41.5
117;08.03.2005;19.97
117;19.03.2005;10.49
1170;03.01.2005;14.96
1170;04.04.2005;167.65
1170;20.07.2005;10.99
1171;03.01.2005;17.99
1171;28.03.2005;34.47
1171;20.06.2005;9.99
1171;08.09.2005;119.71
1172;03.01.2005;41.5
1172;06.02.2005;12.49
1172;09.08.2005;13.99
1172;05.10.2005;50.25
1173;03.01.2005;13.97
1174;03.01.2005;12.25
1174;19.01.2005;19.97
1174;18.02.2005;14.47
1174;20.02.2005;97.92
1174;26.02.2005;44.34
1174;04.03.2005;12.77
1174;05.03.2005;14.96
1175;03.01.2005;35.96
1175;14.01.2005;11.49
1175;20.01.2005;200.57
1175;03.03.2005;22.54
1176;03.01.2005;15.99
1176;19.01.2005;15.36
1176;15.09.2005;179.91
1176;30.10.2005;38.86
1177;03.01.2005;32.99
1177;23.01.2005;72.03
1177;14.02.2005;13.97
1177;13.04.2005;35.34
1178;03.01.2005;20.78
1178;08.03.2006;13.97
1179;03.01.2005;37.31
118;03.01.2005;60.45
118;14.02.2005;38.97
118;29.05.2005;47.28
118;27.07.2005;28.98
118;02.12.2005;12.99
1180;03.01.2005;35.31
1180;17.03.2005;14.96
1181;03.01.2005;29.33
1182;03.01.2005;20.76
1183;03.01.2005;65.95
1183;08.01.2005;61.99
1184;03.01.2005;57.85
1184;01.04.2005;17.48
1184;26.04.2005;30.98
1184;05.06.2005;73.98
1184;06.06.2005;10.77
1184;19.06.2005;261.79
1185;03.01.2005;22.48
1185;15.01.2005;51.87
1185;16.01.2005;53.27
1185;24.03.2005;11.88
1185;10.04.2005;9.97
1185;14.04.2005;58.85
1185;27.04.2005;29.9
1185;02.05.2005;11.77
1185;12.06.2005;44.74
1185;22.06.2005;80.31
1185;23.06.2005;11.77
1185;31.07.2005;12.99
1185;12.08.2005;58.07
1185;25.08.2005;30.91
1185;11.09.2005;218.49
1185;17.09.2005;25.48
1185;30.09.2005;25.98
1185;07.10.2005;31.03
1185;19.10.2005;49.48
1185;20.10.2005;38.97
1185;30.10.2005;101.97
1185;02.11.2005;72.45
1185;06.11.2005;14.79
1185;12.11.2005;12.99
1185;17.11.2005;38.97
1185;29.11.2005;15.76
1185;01.12.2005;11.49
1185;03.12.2005;29.92
1185;05.12.2005;14.96
1185;10.12.2005;29.75
1185;13.12.2005;57.59
1186;03.01.2005;23.48
1186;08.01.2005;14.96
1186;23.01.2005;11.77
1187;03.01.2005;82.81
1187;16.03.2005;30.33
1187;12.06.2005;39.51
1188;03.01.2005;27.94
1188;06.01.2005;14.96
1188;06.02.2005;11.77
1188;11.03.2005;11.88
1188;18.03.2005;77.48
1188;06.04.2005;11.88
1188;07.05.2005;28.73
1188;09.05.2005;36.36
1188;09.05.2005;2.99
1188;23.05.2005;11.7
1188;09.06.2005;145.47
1188;21.06.2005;24.48
1188;04.07.2005;12.25
1188;18.07.2005;12.99
1188;06.08.2005;34.75
1188;22.08.2005;146.37
1188;11.09.2005;13.97
1188;20.09.2005;68.06
1188;25.09.2005;14.37
1188;27.09.2005;73.25
1188;09.10.2005;11.77
1188;23.10.2005;14.96
1188;07.11.2005;105.95
1188;16.12.2005;9.97
1188;27.12.2005;23.54
1188;09.01.2006;11.77
1188;08.02.2006;37.73
1188;03.03.2006;14.99
1188;03.03.2006;59.96
1188;10.03.2006;37.86
1188;17.03.2006;60.99
1189;03.01.2005;74.94
1189;12.08.2005;49.37
1189;20.10.2005;29.13
1189;29.11.2005;19.77
1189;03.12.2005;20.75
1189;25.12.2005;86.33
1189;13.01.2006;39.49
1189;25.01.2006;26.14
1189;01.06.2006;9.98
1189;18.06.2006;19.55
119;03.01.2005;14.96
119;15.02.2005;15.99
1190;03.01.2005;37.5
1190;20.01.2005;26.14
1190;24.02.2005;13.97
1190;04.03.2005;21.09
1190;17.03.2005;104.94
1190;01.05.2005;63.69
1190;29.06.2005;25.74
1190;22.07.2005;60.34
1190;20.09.2005;14.96
1190;13.12.2005;13.97
1190;01.02.2006;17.96
1190;04.02.2006;71.49
1190;27.02.2006;9.77
1190;06.03.2006;13.99
1190;07.04.2006;57.96
1190;16.05.2006;12.98
1190;06.06.2006;13.97
1191;03.01.2005;59.25
1191;08.01.2005;106.42
1191;09.01.2005;64.44
1191;30.01.2005;21.77
1191;01.02.2005;66.97
1191;23.02.2005;20.97
1192;03.01.2005;83.34
1192;08.01.2005;44.29
1192;18.01.2005;14.79
1193;03.01.2005;34.97
1193;07.03.2005;49.63
1193;02.01.2006;78.52
1193;13.02.2006;11.49
1194;03.01.2005;0
1194;13.08.2005;15.96
1194;15.08.2005;14.37
1194;01.09.2005;41.98
1194;16.09.2005;12.25
1194;16.12.2005;14.96
1194;25.01.2006;18.77
1194;19.02.2006;30.33
1194;18.05.2006;43.68
1194;19.05.2006;44.47
1194;29.05.2006;59.47
1194;10.06.2006;12.49
1195;03.01.2005;43.7
1195;26.01.2005;14.96
1195;08.03.2005;15.36
1195;08.04.2005;39.95
1195;19.07.2005;70.14
1195;30.08.2005;14.96
1195;22.10.2005;29.98
1195;20.11.2005;14.79
1195;24.11.2005;12.25
1195;09.12.2005;5.78
1195;07.01.2006;36.97
1195;07.02.2006;12.99
1195;09.02.2006;11.88
1195;17.05.2006;11.77
1196;03.01.2005;19.99
1197;03.01.2005;21.48
1197;07.04.2005;21.99
1197;02.02.2006;39.35
1197;19.04.2006;14.99
1198;03.01.2005;51.87
1199;03.01.2005;19.99
1199;15.02.2005;50.98
12;03.01.2005;102.93
12;07.01.2005;9.77
120;03.01.2005;19.49
120;24.04.2005;10.49
120;24.06.2005;9.98
120;18.08.2005;29.58
120;17.09.2005;45.43
120;01.10.2005;15.48
120;10.12.2005;14.96
120;11.02.2006;24.07
120;14.02.2006;26.15
120;08.03.2006;14.37
120;01.05.2006;28.93
120;02.06.2006;14.49
1200;03.01.2005;58.46
1200;12.02.2005;25.74
1200;22.03.2005;17.98
1200;28.04.2005;163.52
1200;05.05.2005;19.99
1200;27.05.2005;35.99
1200;01.06.2005;19.77
1200;05.08.2005;24.74
1200;14.09.2005;506.97
1200;16.09.2005;16.7
1200;12.10.2005;43.57
1200;02.11.2005;57.66
1200;02.11.2005;24.48
1200;21.11.2005;19.99
1200;25.11.2005;34.6
1200;28.11.2005;13.99
1200;08.12.2005;32.74
1200;12.12.2005;70.45
1200;14.01.2006;13.99
1200;15.02.2006;44.3
1200;20.02.2006;29.37
1200;05.03.2006;42.46
1200;22.04.2006;12.49
1200;16.07.2006;27.13
1201;03.01.2005;54.97
1202;03.01.2005;52.69
1202;19.01.2005;11.49
1202;20.01.2005;35.99
1202;28.01.2005;73.7
1202;18.02.2005;13.49
1202;26.02.2005;32.51
1203;03.01.2005;14.96
1203;10.09.2005;14.96
1203;24.09.2005;84.94
1203;05.10.2005;33.47
1203;05.12.2005;44.89
1203;21.02.2006;41.69
1203;09.03.2006;33.76
1203;28.03.2006;30.15
1204;03.01.2005;19.99
1205;03.01.2005;62.44
1205;20.02.2005;14.79
1205;27.03.2005;18.49
1205;27.04.2005;29.73
1205;29.10.2005;15.36
1205;22.11.2005;9.97
1205;23.12.2005;38.97
1205;18.02.2006;11.77
1205;11.04.2006;15.7
1205;23.04.2006;25.14
1205;29.04.2006;13.99
1205;17.05.2006;56.28
1205;17.06.2006;17.9
1206;03.01.2005;43.13
1206;03.01.2005;27.13
1206;04.04.2005;59.47
1206;24.07.2005;23.99
1206;31.07.2005;9.99
1206;05.08.2005;71.62
1206;08.10.2005;28.35
1206;11.10.2005;12.99
1206;02.07.2006;68.24
1207;03.01.2005;13.97
1207;20.02.2005;39.71
1207;11.06.2005;55.96
1207;07.10.2005;24.96
1207;17.11.2005;18.54
1207;01.02.2006;58.95
1207;18.02.2006;29.99
1207;29.05.2006;5.78
1207;14.06.2006;63.35
1208;03.01.2005;27.76
1208;24.02.2005;18.76
1209;03.01.2005;49.31
121;03.01.2005;35.78
1210;03.01.2005;64.24
1210;18.01.2005;37.97
1210;08.03.2005;12.99
1210;10.04.2005;9.77
1210;25.04.2005;28.93
1210;26.07.2005;59.98
1210;11.10.2005;11.77
1210;11.02.2006;10.77
1210;20.05.2006;53.96
1211;03.01.2005;15.76
1212;03.01.2005;13.54
1213;03.01.2005;49.4
1213;21.01.2005;41.97
1213;24.02.2005;19.98
1213;09.07.2005;41.47
1213;23.12.2005;42.93
1213;27.01.2006;29.33
1213;14.02.2006;11.97
1213;15.02.2006;30.15
1213;22.02.2006;88.94
1213;07.04.2006;17.76
1213;10.05.2006;30.98
1213;15.05.2006;24.98
1213;23.05.2006;11.78
1214;03.01.2005;57.57
1215;03.01.2005;56.47
1216;03.01.2005;70.47
1216;07.01.2005;61.47
1216;29.01.2005;30.72
1217;03.01.2005;25.14
1217;06.02.2005;14.99
1217;04.03.2005;80.11
1217;13.03.2005;15.7
1217;13.03.2005;9.99
1218;03.01.2005;17.36
1218;03.03.2005;15.76
1219;03.01.2005;12.99
1219;29.01.2005;23.74
1219;29.04.2005;35.86
1219;04.09.2005;11.77
1219;08.09.2005;18.36
1219;29.10.2005;38.51
1219;22.11.2005;43.92
1219;25.11.2005;11.49
1219;05.12.2005;14.96
1219;08.12.2005;44.97
1219;09.12.2005;25.54
1219;19.12.2005;27.99
1219;24.12.2005;58.96
1219;28.12.2005;20.98
1219;30.12.2005;21.37
1219;17.01.2006;16.36
1219;05.03.2006;29.42
1219;10.03.2006;39.3
1219;07.05.2006;19.99
122;03.01.2005;13.99
1220;03.01.2005;31.6
1221;03.01.2005;11.77
1221;06.01.2005;13.97
1221;26.03.2005;14.49
1221;20.07.2005;11.49
1221;29.07.2005;56.06
1221;02.09.2005;35.74
1221;05.11.2005;21.76
1221;08.11.2005;12.58
1221;24.11.2005;16.36
1221;28.11.2005;41.1
1221;02.01.2006;24.73
1221;17.01.2006;15.36
1221;23.01.2006;26.57
1221;09.03.2006;129.82
1221;14.05.2006;14.37
1222;03.01.2005;44.77
1222;03.03.2005;99.21
